"","sector","rank","rank_change","profit.margin","num..of.employees","ceo_founder","ceo_woman","age","BS","MBA"
"1","Retailing",0,0.636986301369863,0.505287178880421,1,0,0,0.478260869565217,0,1
"2","Retailing",0.001001001001001,0.647260273972603,0.51400627379697,0.362712499244301,1,0,0.507246376811594,1,0
"3","Energy",0.002002002002002,0.633561643835616,0.5226640826051,0.0340230614436971,0,0,0.492753623188406,0,1
"4","Technology",0.003003003003003,0.633561643835616,0.629563062583719,0.0622509885456436,0,0,0.565217391304348,1,1
"5","Health Care",0.004004004004004,0.647260273972603,0.503554519662186,0.131798055318555,0,1,0.521739130434783,0,1
"6","Financials",0.005005005005005,0.63013698630137,0.702098658980701,0.177935488504506,0,0,1,1,0
"7","Health Care",0.00600600600600601,0.633561643835616,0.524706395955616,0.147707515037849,0,0,0.507246376811594,0,0
"8","Health Care",0.00700700700700701,0.633561643835616,0.486210011491743,0.031795737082996,0,0,0.391304347826087,0,0
"9","Health Care",0.00900900900900901,0.636986301369863,0.489320252110794,0.00974977147197503,0,0,0.550724637681159,0,0
"10","Technology",0.01001001001001,0.650684931506849,0.629428085608866,0.0540230705348169,0,0,0.391304347826087,0,1
"11","Health Care",0.012012012012012,0.815068493150685,0.508553635113937,0.0334775942533213,0,0,0.478260869565217,0,1
"12","Retailing",0.013013013013013,0.636986301369863,0.502288523974192,0.0915698500283416,0,0,0.681159420289855,0,0
"13","Energy",0.014014014014014,0.623287671232877,0.499583420400854,0.0218864164578361,0,0,0.550724637681159,1,0
"14","Health Care",0.015015015015015,0.636986301369863,0.49242911507363,0.0224773392474098,0,0,0.72463768115942,0,0
"15","Financials",0.016016016016016,0.64041095890411,0.658889399789423,0.116789071019374,0,0,0.623188405797101,0,1
"16","Technology",0.02002002002002,0.654109589041096,0.69673072958009,0.0654328804895023,0,0,0.463768115942029,0,1
"17","Energy",0.021021021021021,0.667808219178082,0.500374239521353,0.0276638231158995,0,0,0.826086956521739,0,0
"18","Financials",0.023023023023023,0.63013698630137,0.565608704517105,0.00338598758425763,0,0,0.521739130434783,0,0
"19","Financials",0.024024024024024,0.636986301369863,0.6492221886822,0.0945840108111597,0,0,0.579710144927536,0,0
"20","Retailing",0.025025025025025,0.64041095890411,0.554996532335643,0.188935743510418,0,0,0.594202898550725,0,0
"21","Energy",0.026026026026026,0.623287671232877,0.505067909741487,0.00656787952811633,0,0,0.521739130434783,0,0
"22","Health Care",0.028028028028028,0.650684931506849,0.517260748436175,0.0320684706781839,0,1,0.565217391304348,0,0
"23","Financials",0.029029029029029,0.633561643835616,0.613178466739021,0.118070464360765,0,0,0.492753623188406,0,1
"24","Financials",0.03003003003003,0.633561643835616,0.612784508449858,0.0908880160403718,0,1,0.463768115942029,1,1
"25","Energy",0.031031031031031,0.60958904109589,0.502028494858713,0.00462328899442669,0,0,0.521739130434783,0,0
"26","Technology",0.033033033033033,0.636986301369863,0.519937956009697,0.0749785563210783,1,0,0.492753623188406,0,0
"27","Health Care",0.034034034034034,0.643835616438356,0.610557970146135,0.0600691197841405,0,0,0.565217391304348,1,1
"28","Financials",0.035035035035035,0.636986301369863,0.53368484617057,0.0261919708138689,0,0,0.579710144927536,0,0
"29","Retailing",0.036036036036036,0.643835616438356,0.514475794438597,0.167253422692981,0,0,0.594202898550725,0,0
"30","Technology",0.037037037037037,0.636986301369863,0.568678999124509,0.174435407366262,0,0,0.536231884057971,0,0
"31","Financials",0.04004004004004,0.633561643835616,0.550967425191559,0.00310961754113391,0,0,0.521739130434783,0,0
"32","Health Care",0.041041041041041,0.667808219178082,0.498057943146056,0.0257046867904665,0,0,0.521739130434783,0,0
"33","Retailing",0.043043043043043,0.63013698630137,0.526183694279433,0.118161375559161,0,0,0.521739130434783,0,1
"34","Technology",0.044044044044044,0.63013698630137,0.683665764995961,0.0503416215557724,0,0,0.550724637681159,0,0
"35","Technology",0.045045045045045,0.674657534246575,0.662720617249632,0.0204054730359658,1,0,0.521739130434783,1,0
"36","Financials",0.047047047047047,0.623287671232877,0.543337667641221,0.0222500612514199,0,0,0.521739130434783,0,0
"37","Health Care",0.051051051051051,0.650684931506849,0.514282773023151,0.0208863932754805,0,0,0.521739130434783,0,1
"38","Financials",0.052052052052052,0.626712328767123,0.529733655915924,0.0233914513472812,0,0,0.521739130434783,0,0
"39","Technology",0.057057057057057,0.626712328767123,0.522339656577877,0.0254319531952786,0,0,0.492753623188406,0,1
"40","Energy",0.0580580580580581,0.636986301369863,0.530858597599907,0.00580058901365441,0,0,0.521739130434783,0,0
"41","Financials",0.0590590590590591,0.643835616438356,0.592157128637635,0.0173863121372359,0,0,0.536231884057971,0,0
"42","Financials",0.0600600600600601,0.643835616438356,0.599581072304926,0.0274460907957412,0,0,0.594202898550725,0,1
"43","Technology",0.0620620620620621,0.64041095890411,0.637340038022638,0.0344776174356769,0,0,0.478260869565217,0,0
"44","Health Care",0.0630630630630631,0.626712328767123,0.698511984945982,0.0401141117362266,0,0,0.521739130434783,0,0
"45","Health Care",0.0640640640640641,0.643835616438356,0.532222066888757,0.111343035679463,0,0,0.521739130434783,0,0
"46","Financials",0.0650650650650651,0.636986301369863,0.53156429253925,0.0208863932754805,0,0,0.463768115942029,0,1
"47","Financials",0.0660660660660661,0.654109589041096,0.583202070695174,0.029295679127107,0,0,0.579710144927536,0,1
"48","Health Care",0.0680680680680681,0.660958904109589,0.628049948539808,0.0322502930749758,0,0,0.521739130434783,0,0
"49","Financials",0.0710710710710711,0.671232876712329,0.559389417772798,0.0209023027351998,0,0,0.594202898550725,1,1
"50","Financials",0.0720720720720721,0.63013698630137,0.501472398379449,0.00521284811602451,0,0,0.521739130434783,0,0
"51","Financials",0.0730730730730731,0.633561643835616,0.49884556799836,0.0127562048029295,0,0,0.521739130434783,0,0
"52","Retailing",0.0740740740740741,0.633561643835616,0.509956439382222,0.0567963166418858,0,1,0.521739130434783,0,0
"53","Financials",0.0760760760760761,0.63013698630137,0.502416506126787,0.0204318372835007,0,0,0.521739130434783,0,0
"54","Retailing",0.0790790790790791,0.654109589041096,0.539086600603275,0.129979831350636,0,0,0.521739130434783,0,0
"55","Financials",0.0800800800800801,0.63013698630137,0.527180248033258,0.0074919918598113,0,0,0.521739130434783,0,0
"56","Technology",0.0810810810810811,0.633561643835616,0.67560327750112,0.0617964325536637,0,1,0.550724637681159,0,0
"57","Financials",0.0850850850850851,0.681506849315068,0.554829691458275,0.0188731647870019,0,1,0.521739130434783,0,0
"58","Financials",0.0880880880880881,0.61986301369863,0.553204606621587,0.00447510374104127,0,0,0.521739130434783,0,0
"59","Energy",0.0900900900900901,0.60958904109589,0.489384969724496,0.00247687560029801,0,0,0.521739130434783,0,0
"60","Energy",0.0920920920920921,0.613013698630137,0.618528921301218,0.0047041999609991,0,0,0.521739130434783,1,0
"61","Financials",0.0930930930930931,0.660958904109589,0.562082480552457,0.015920823619093,0,0,0.521739130434783,0,0
"62","Energy",0.0940940940940941,0.63013698630137,0.543691123122648,0.0148467078100447,0,0,0.521739130434783,0,0
"63","Financials",0.0960960960960961,0.64041095890411,0.597050005252564,0.0235682736281614,1,0,0.710144927536232,0,1
"64","Energy",0.0970970970970971,0.623287671232877,0.492743548575085,0.0022495976043081,0,0,0.521739130434783,0,0
"65","Health Care",0.0980980980980981,0.626712328767123,0.646151408894401,0.0136134974038035,0,0,0.521739130434783,0,0
"66","Financials",0.0990990990990991,0.678082191780822,0.487850238464541,0.000891384300272415,0,0,0.521739130434783,0,0
"67","Energy",0.1001001001001,0.595890410958904,0.580687524358693,0.00329507638586167,0,0,0.0144927536231884,1,0
"68","Financials",0.101101101101101,0.667808219178082,0.512625610770075,0.00268778958057664,0,0,0.521739130434783,0,0
"69","Health Care",0.103103103103103,0.633561643835616,0.564165614077585,0.0486143087862491,0,0,0.521739130434783,0,1
"70","Financials",0.105105105105105,0.636986301369863,0.542184752247435,0.0139771421973873,0,0,0.492753623188406,0,0
"71","Technology",0.108108108108108,0.613013698630137,0.510423568644454,0.0279774667503656,0,0,0.521739130434783,0,0
"72","Retailing",0.111111111111111,0.660958904109589,0.527784632699503,0.0649783244975224,0,0,0.521739130434783,0,0
"73","Financials",0.112112112112112,0.650684931506849,0.6570197963852,0.0316370970417951,0,0,0.521739130434783,0,0
"74","Health Care",0.114114114114114,0.715753424657534,0.574953263398218,0.0136134974038035,0,0,0.521739130434783,0,0
"75","Technology",0.118118118118118,0.654109589041096,0.583847497476322,0.0340685170428951,0,0,0.521739130434783,0,0
"76","Retailing",0.119119119119119,0.63013698630137,0.501142672799555,0.0558872046579262,0,0,0.521739130434783,0,0
"77","Technology",0.12012012012012,0.702054794520548,0.493773507539431,0.0908880160403718,0,0,0.521739130434783,0,0
"78","Energy",0.122122122122122,0.647260273972603,0.588776182049585,0.0130648483214838,0,1,0.260869565217391,1,0
"79","Energy",0.124124124124124,0.595890410958904,0.494906027719801,0.00154139936880355,0,0,0.521739130434783,0,0
"80","Technology",0.125125125125125,0.674657534246575,0.608159400811696,0.0167953893476621,0,0,0.521739130434783,0,0
"81","Energy",0.126126126126126,0.815068493150685,0.496198198843156,0.000567740433982788,0,0,0.521739130434783,0,0
"82","Financials",0.127127127127127,0.698630136986301,0.522356251733251,0.0454324168423904,0,0,0.521739130434783,0,0
"83","Energy",0.128128128128128,0.636986301369863,0.4897299222565,0.0308866250990364,0,0,0.521739130434783,0,0
"84","Retailing",0.13013013013013,0.650684931506849,0.50976263236896,0.0567963166418858,0,0,0.521739130434783,0,0
"85","Technology",0.133133133133133,0.537671232876712,0.668292838716966,0.0167953893476621,0,0,0.521739130434783,0,0
"86","Health Care",0.134134134134134,0.616438356164384,0.712845249452541,0.0106134278567367,0,0,0.521739130434783,0,1
"87","Retailing",0.135135135135135,0.636986301369863,0.498802770204249,0.0122407383080244,0,0,0.898550724637681,0,0
"88","Technology",0.137137137137137,0.678082191780822,0.56753056375548,0.0086133814920255,0,0,0.521739130434783,0,1
"89","Health Care",0.139139139139139,0.633561643835616,0.648166370852869,0.00534057834977084,0,0,0.608695652173913,0,0
"90","Energy",0.141141141141141,0.585616438356164,0.452009049755299,0.0249773972032988,0,0,0.420289855072464,0,0
"91","Health Care",0.144144144144144,0.561643835616438,0.737853881300286,0.0152612628747303,0,0,0.63768115942029,0,0
"92","Financials",0.145145145145145,0.626712328767123,0.586152320355992,0.00530830487434027,0,0,0.521739130434783,0,0
"93","Energy",0.147147147147147,0.702054794520548,0.465596332949496,0.00652242392891835,0,1,0.565217391304348,1,0
"94","Financials",0.15015015015015,0.664383561643836,0.653818384969774,0.0231446274436362,0,0,0.536231884057971,1,1
"95","Energy",0.152152152152152,0.561643835616438,0.635555437606109,0.012678475728301,0,0,0.521739130434783,0,0
"96","Retailing",0.153153153153153,0.606164383561644,0.500349789162657,0.0113407174439044,0,0,0.521739130434783,1,0
"97","Technology",0.154154154154154,0.523972602739726,0.526184282971086,0.0590690966017849,0,0,0.521739130434783,0,0
"98","Financials",0.158158158158158,0.650684931506849,0.630173080849816,0.021977327656232,0,0,0.521739130434783,0,0
"99","Financials",0.159159159159159,0.64041095890411,0.554009644778005,0.0088406594880154,0,0,0.521739130434783,0,0
"100","Health Care",0.16016016016016,0.633561643835616,0.585122155616472,0.0272501771631979,0,0,0.521739130434783,1,0
"101","Retailing",0.164164164164164,0.606164383561644,0.509471247987173,0.0361140190068042,0,1,0.521739130434783,0,1
"102","Financials",0.169169169169169,0.647260273972603,0.616160068563727,0.00747699151207596,0,1,0.579710144927536,0,1
"103","Energy",0.171171171171171,0.678082191780822,0.618674408388986,0.00670424632571028,0,0,0.521739130434783,0,0
"104","Retailing",0.172172172172172,0.64041095890411,0.515823358643441,0.0117707274123173,0,0,0.826086956521739,0,0
"105","Health Care",0.173173173173173,0.63013698630137,0.47762227344275,0.0459342466575361,0,0,0.521739130434783,0,0
"106","Technology",0.177177177177177,0.681506849315068,0.513703036721046,0.00447692196500919,0,1,0.449275362318841,1,0
"107","Financials",0.178178178178178,0.671232876712329,0.506209800610524,0.0424323472953237,0,0,0.521739130434783,0,0
"108","Energy",0.183183183183183,0.606164383561644,0.515939689862472,0.00182867875573479,0,0,0.159420289855072,0,0
"109","Energy",0.185185185185185,0.61986301369863,0.592396568748772,0.00129503002115049,0,0,0.521739130434783,0,0
"110","Health Care",0.186186186186186,0.664383561643836,0.534273666881259,0.0318380107902501,0,0,0.521739130434783,0,0
"111","Financials",0.187187187187187,0.633561643835616,0.520781260966994,0.00513921004532378,0,0,0.72463768115942,0,1
"112","Energy",0.188188188188188,0.616438356164384,0.184187056905489,0.0104316054599448,0,1,0.434782608695652,0,0
"113","Technology",0.189189189189189,0.808219178082192,0.491080693617326,0.0222500612514199,1,0,0.507246376811594,1,0
"114","Health Care",0.192192192192192,0.551369863013699,0.515684685090046,0.00452237756420717,0,0,0.521739130434783,0,0
"115","Technology",0.193193193193193,0.633561643835616,0.560240011742303,0.132934445298505,0,0,0.521739130434783,0,0
"116","Financials",0.194194194194194,0.688356164383562,0.556766761421375,0.0345230730348749,0,0,0.449275362318841,0,0
"117","Energy",0.196196196196196,0.777397260273973,0.541455800069015,0.00865883709122348,0,0,0.521739130434783,0,0
"118","Technology",0.197197197197197,0.47945205479452,0.455363764031686,0.0280683779487615,0,0,0.521739130434783,0,0
"119","Retailing",0.198198198198198,0.592465753424658,0.5005748860876,0.058614540609805,0,1,0.521739130434783,0,0
"120","Financials",0.2002002002002,0.698630136986301,0.544157088160929,0.00797745765924574,0,0,0.144927536231884,0,0
"121","Retailing",0.201201201201201,0.660958904109589,0.55605151248924,0.0420232469025418,0,1,0.739130434782609,0,0
"122","Energy",0.203203203203203,0.595890410958904,0.569493475088566,0.00788972835279363,0,0,0.521739130434783,0,0
"123","Retailing",0.204204204204204,0.606164383561644,0.507684964030339,0.0340685170428951,0,0,0.521739130434783,0,0
"124","Technology",0.209209209209209,0.657534246575342,0.704225518096615,0.0119770958326761,0,0,0.521739130434783,0,0
"125","Financials",0.211211211211211,0.684931506849315,0.528266960825091,0.00843383187519347,0,0,0.666666666666667,0,0
"126","Health Care",0.213213213213213,0.702054794520548,0.580636305147515,0.0181590573236016,0,0,0.521739130434783,0,0
"127","Financials",0.216216216216216,0.736301369863014,0.63461380885621,0.0267956211712181,0,0,0.521739130434783,0,0
"128","Technology",0.217217217217217,0.513698630136986,0.611230403590848,0.00997704946796494,0,0,0.623188405797101,0,0
"129","Financials",0.218218218218218,0.643835616438356,0.694058852886932,0.00734062471448202,0,0,0.681159420289855,0,1
"130","Energy",0.22022022022022,0.462328767123288,0.474893227997089,0.0124771074238539,0,0,0.521739130434783,0,0
"131","Technology",0.221221221221221,0.558219178082192,0.721721975773042,0.0135080404136641,0,0,0.521739130434783,1,0
"132","Health Care",0.222222222222222,0.678082191780822,0.76274932450004,0.00334053198505965,0,0,0.521739130434783,0,0
"133","Financials",0.224224224224224,0.726027397260274,0.527198811394175,0.00142594214684068,0,1,0.521739130434783,1,0
"134","Technology",0.227227227227227,0.636986301369863,0.0799617495153048,0.012204373828666,0,0,0.434782608695652,0,0
"135","Health Care",0.229229229229229,0.493150684931507,0.524951101150966,0.0295229571230969,0,0,0.521739130434783,0,0
"136","Financials",0.23023023023023,0.712328767123288,0.628887189011922,0.00779518070646183,0,0,0.521739130434783,0,0
"137","Financials",0.237237237237237,0.657534246575342,0.520176097783948,0.00408236736397071,0,0,0.521739130434783,0,0
"138","Retailing",0.238238238238238,0.589041095890411,0.463215252108166,0.011483448025386,0,0,0.521739130434783,0,0
"139","Health Care",0.24024024024024,0.575342465753425,0.451587136250563,0.0324775710709657,0,0,0.521739130434783,0,0
"140","Energy",0.241241241241241,0.575342465753425,0.598095648407854,0.00501602537149725,0,0,0.521739130434783,0,0
"141","Retailing",0.242242242242242,0.643835616438356,0.495689215209019,0.0123548318620113,0,0,0.521739130434783,0,0
"142","Financials",0.243243243243243,0.647260273972603,0.601435887157921,0.0177513205987957,0,0,0.521739130434783,0,0
"143","Financials",0.244244244244244,0.650684931506849,0.583690710251005,0.0056587675441567,0,0,0.521739130434783,1,1
"144","Retailing",0.247247247247247,0.613013698630137,0.466938069523611,0.0272274493635989,0,0,0.521739130434783,0,0
"145","Retailing",0.251251251251251,0.681506849315068,0.500574452718884,0.00648605944955997,0,0,0.521739130434783,0,0
"146","Energy",0.252252252252252,0.523972602739726,0.54843155454791,0.00484056675859304,0,0,0.521739130434783,0,0
"147","Financials",0.253253253253253,0.815068493150685,0.510479395407885,0.00612741477188789,0,0,0.521739130434783,0,0
"148","Financials",0.254254254254254,0.688356164383562,0.489069246876763,0.00496784243634739,0,0,0.521739130434783,0,0
"149","Energy",0.255255255255255,0.647260273972603,0.558249883891997,0.00674515636498846,0,0,0.521739130434783,0,0
"150","Energy",0.257257257257257,0.674657534246575,0.605370009894611,0.00632651029637505,0,0,0.521739130434783,0,0
"151","Energy",0.258258258258258,0.623287671232877,0.556348510467671,0.00585740851265188,0,0,0.521739130434783,0,0
"152","Energy",0.259259259259259,0.770547945205479,0.529539066981489,0.00645969520202514,0,0,0.666666666666667,1,1
"153","Retailing",0.261261261261261,0.61986301369863,0.494743668906757,0.00327234858626268,0,0,0.521739130434783,0,1
"154","Retailing",0.262262262262262,0.695205479452055,0.517730364845157,0.0115225398406963,0,0,0.521739130434783,0,0
"155","Retailing",0.263263263263263,0.664383561643836,0.495861768280687,0.00692970609773227,0,0,0.666666666666667,0,1
"156","Retailing",0.264264264264264,0.613013698630137,0.478398293202402,0.0281592891471575,0,0,0.521739130434783,0,0
"157","Financials",0.265265265265265,0.660958904109589,0.548044904305873,0.00465874436180111,0,0,0.391304347826087,1,0
"158","Retailing",0.267267267267267,0.681506849315068,0.578181617934988,0.0344503440761581,0,0,0.521739130434783,0,0
"159","Financials",0.268268268268268,0.736301369863014,0.527440477517657,0.00171094875381202,0,0,0.521739130434783,0,0
"160","Energy",0.269269269269269,0.866438356164384,0.539185278139393,0.00246551170049851,0,0,0.521739130434783,0,0
"161","Financials",0.27027027027027,0.698630136986301,0.698406426822208,0.00893157068641137,0,0,0.521739130434783,0,0
"162","Financials",0.272272272272272,0.73972602739726,0.585815136412769,0.00393145477463341,0,0,0.449275362318841,0,0
"163","Health Care",0.273273273273273,0.650684931506849,0.534261608513007,0.0295229571230969,0,0,0.521739130434783,1,0
"164","Energy",0.275275275275275,0.63013698630137,0.566488475584678,0.00511102757382103,0,0,0.521739130434783,0,0
"165","Health Care",0.28028028028028,0.678082191780822,0.534480288042942,0.0359094688104133,0,0,0.376811594202899,0,0
"166","Health Care",0.281281281281281,0.650684931506849,0.545613571882776,0.0227046172433997,0,0,0.521739130434783,0,0
"167","Technology",0.284284284284284,0.821917808219178,0.664568645920378,0.0102652379668801,0,0,0.521739130434783,0,1
"168","Retailing",0.285285285285285,0.551369863013699,0.469891687275791,0.0408868569225923,0,0,0.521739130434783,0,0
"169","Technology",0.288288288288288,0.712328767123288,0.526714777489285,0.0154317213717227,0,0,0.623188405797101,0,0
"170","Health Care",0.289289289289289,0.688356164383562,0.497738646303361,0.0304320691070566,0,0,0.521739130434783,0,0
"171","Technology",0.291291291291291,0.554794520547945,0.659088468045555,0.00623832643393097,1,0,0.521739130434783,0,0
"172","Energy",0.292292292292292,0.61986301369863,0.563172021525182,0.0061746885950538,0,0,0.521739130434783,0,0
"173","Energy",0.293293293293293,0.530821917808219,0.542880972362257,0.00557512924163242,0,0,0.521739130434783,0,0
"174","Technology",0.294294294294294,0.636986301369863,0.597808109315712,0.00602241233774056,0,0,0.521739130434783,0,1
"175","Health Care",0.295295295295295,0.715753424657534,0.781843980340453,0.0163408333556823,0,0,0.521739130434783,0,0
"176","Retailing",0.296296296296296,0.595890410958904,0.49238377975664,0.0181590573236016,0,0,0.869565217391304,0,0
"177","Financials",0.299299299299299,0.76027397260274,0.503642974263762,0.00273688162771046,0,0,0.521739130434783,0,0
"178","Retailing",0.3003003003003,0.688356164383562,0.495413607009638,0.0042041883698213,0,0,0.521739130434783,0,0
"179","Health Care",0.303303303303303,0.424657534246575,0.531638609865623,0.0086133814920255,0,0,0.521739130434783,0,0
"180","Energy",0.309309309309309,0.589041095890411,0.506190401738492,0.00361326558024754,0,0,0.521739130434783,0,0
"181","Energy",0.312312312312312,0.441780821917808,0.57107348737885,0.00128684801329485,0,0,0.521739130434783,0,0
"182","Retailing",0.313313313313313,0.688356164383562,0.578674288123827,0.0307334397297392,0,0,0.521739130434783,0,0
"183","Financials",0.314314314314314,0.852739726027397,0.511724523506502,0.00629514593292844,0,0,0.521739130434783,0,0
"184","Energy",0.316316316316316,0.657534246575342,0.599599938593946,0.00588240909221077,0,0,0.304347826086957,1,1
"185","Energy",0.318318318318318,0.674657534246575,0.53774340905124,0.00100229596231549,0,0,0.521739130434783,1,0
"186","Financials",0.319319319319319,0.849315068493151,0.577387935366342,0.00276824599115707,0,0,0.521739130434783,0,0
"187","Energy",0.323323323323323,0.523972602739726,0.789800943240828,0.00205732041970064,0,0,0.521739130434783,0,0
"188","Financials",0.324324324324324,0.839041095890411,0.659424519517195,0.00900839064905595,0,0,0.521739130434783,0,0
"189","Retailing",0.325325325325325,0.654109589041096,0.482096495801516,0.017249945339642,0,0,0.434782608695652,0,0
"190","Energy",0.327327327327327,0.948630136986301,0.680634302197302,0.00752244711127394,0,0,0.521739130434783,0,0
"191","Energy",0.328328328328328,0.821917808219178,0.531088924087185,0.000672288312138145,0,0,1,1,0
"192","Retailing",0.329329329329329,0.623287671232877,0.519977998333913,0.0240682852193392,0,0,0.521739130434783,0,0
"193","Technology",0.33033033033033,0.486301369863014,0.639440314738115,0.00484056675859304,0,0,0.521739130434783,0,0
"194","Health Care",0.331331331331331,0.585616438356164,0.48173494603337,0.00697697992089817,0,0,0.521739130434783,0,0
"195","Financials",0.332332332332332,0.636986301369863,0.364049252319749,0.00456783316340515,0,0,0.521739130434783,0,0
"196","Financials",0.334334334334334,1,0.613063913501109,0.00843155909523357,0,0,0.521739130434783,0,0
"197","Financials",0.335335335335335,0.705479452054795,0.563536188696415,0.0222500612514199,0,1,0.521739130434783,0,1
"198","Energy",0.34034034034034,0.60958904109589,0.540989663774774,0.00103275121377814,0,0,0.521739130434783,0,0
"199","Energy",0.341341341341341,0.517123287671233,0.508666975542122,0.0016618567066782,0,0,0.449275362318841,0,0
"200","Retailing",0.344344344344344,0.613013698630137,0.508344081812887,0.0116134510390923,0,0,0.521739130434783,0,0
"201","Technology",0.346346346346346,0.537671232876712,0.586040701668964,0.012249829427864,0,0,0.521739130434783,0,0
"202","Retailing",0.347347347347347,0.972602739726027,0.413233829225042,0.00769745116818617,1,0,0.521739130434783,0,0
"203","Financials",0.348348348348348,0.636986301369863,0.634601044645806,0.000605923137309092,0,0,0.797101449275362,0,1
"204","Financials",0.35035035035035,0.931506849315068,0.550194272238229,0.0048796585739033,0,0,0.608695652173913,0,0
"205","Financials",0.351351351351351,0,0.403620323822114,0.0127193857675792,0,0,0.521739130434783,0,0
"206","Financials",0.352352352352352,0.602739726027397,0.459588050342208,0.00270415359628791,0,0,0.681159420289855,0,0
"207","Retailing",0.361361361361361,0.626712328767123,0.509067514970043,0.0129089356162347,0,1,0.420289855072464,0,1
"208","Financials",0.363363363363363,0.623287671232877,0.512792341522765,0.00138594121954645,0,0,0.898550724637681,1,0
"209","Energy",0.364364364364364,0.421232876712329,0.469806011083791,0.00119502770291493,0,0,0.521739130434783,0,0
"210","Financials",0.367367367367367,0.578767123287671,0.562038768780587,0.00144730627846373,0,1,0.521739130434783,0,0
"211","Energy",0.37037037037037,0.592465753424658,0.558123458404357,0.00371963168237082,0,0,0.36231884057971,0,0
"212","Energy",0.372372372372372,0.417808219178082,0.461594725353052,0.0010222964259626,0,0,0.521739130434783,0,0
"213","Energy",0.373373373373373,0.578767123287671,0.000540514913407079,0.0157249099865497,0,0,0.536231884057971,0,1
"214","Financials",0.374374374374374,0.729452054794521,0.570807705769241,0.010651610560063,0,0,0.521739130434783,0,0
"215","Financials",0.375375375375375,0.654109589041096,0.530184242701733,0.0026032421660684,0,0,0.521739130434783,0,0
"216","Retailing",0.377377377377377,0.73972602739726,0.502568255086135,0.0121889189249387,0,0,0.521739130434783,0,0
"217","Retailing",0.379379379379379,0.664383561643836,0.531588662280654,0.0108861614519246,0,0,0.521739130434783,0,0
"218","Technology",0.38038038038038,0.636986301369863,0.410865453317245,0.0136134974038035,0,0,0.521739130434783,0,0
"219","Financials",0.382382382382382,0.787671232876712,0.559662440240792,0.0034768987826536,0,0,0.521739130434783,0,0
"220","Technology",0.384384384384384,0.787671232876712,0.497711101575687,0.0174772233356319,0,0,0.521739130434783,0,0
"221","Technology",0.385385385385385,0.578767123287671,0.580953624229933,0.0336139610509153,0,0,0.521739130434783,0,0
"222","Energy",0.386386386386386,0.503424657534247,0.556114133325468,0.0021641410778159,0,0,0.768115942028985,0,0
"223","Financials",0.394394394394394,0.705479452054795,0.63608973620535,0.00815746183206974,0,0,0.521739130434783,0,0
"224","Financials",0.395395395395395,0.674657534246575,0.573159042688153,0.00643151273052239,0,0,0.492753623188406,0,0
"225","Retailing",0.396396396396396,0.595890410958904,0.527534867872798,0.015110804841385,0,0,0.521739130434783,0,0
"226","Health Care",0.398398398398398,0.595890410958904,0.581863317226778,0.00902248188480733,0,0,0.521739130434783,0,0
"227","Financials",0.399399399399399,0.636986301369863,0.656367910802637,0.00234050880270406,0,0,0.521739130434783,0,0
"228","Financials",0.4004004004004,0.705479452054795,0.506988698719034,0.00124366519405677,0,0,0.72463768115942,0,0
"229","Financials",0.401401401401401,0.61986301369863,0.544392117707259,0.00338280569231378,0,0,0.521739130434783,0,0
"230","Technology",0.402402402402402,0.681506849315068,0.560443064279909,0.00770426950806587,0,0,0.565217391304348,1,0
"231","Health Care",0.404404404404404,0.791095890410959,0.667855254441591,0.00365872117944552,1,0,0.666666666666667,0,0
"232","Energy",0.407407407407407,0.582191780821918,0.637910982864357,0.00555876522592115,0,0,0.521739130434783,0,0
"233","Technology",0.408408408408408,0.708904109589041,0.50002984314161,0.00509557267009372,0,0,0.521739130434783,0,0
"234","Health Care",0.409409409409409,0.616438356164384,0.561117918160095,0.0213409492674603,0,0,0.521739130434783,0,0
"235","Financials",0.41041041041041,0.643835616438356,0.636844767045346,0.00772472452770496,0,0,0.521739130434783,0,0
"236","Energy",0.412412412412412,0.318493150684932,0.487608851198868,0.000999568626363611,0,0,0.521739130434783,0,0
"237","Financials",0.413413413413413,0.623287671232877,0.654325902244625,0.00245596602466694,0,0,0.289855072463768,0,0
"238","Energy",0.415415415415415,0.575342465753425,0.587922627186908,0.00339007858818545,0,0,0.347826086956522,0,0
"239","Retailing",0.417417417417417,0.743150684931507,0.550555222700762,0.0140680533957833,0,1,0.521739130434783,0,0
"240","Energy",0.418418418418418,0.219178082191781,0.453574732580911,0.000795018429972695,0,0,0.521739130434783,1,0
"241","Financials",0.419419419419419,0.712328767123288,0.67477628616171,0.00129730280111039,1,0,0.753623188405797,0,0
"242","Energy",0.422422422422422,0.558219178082192,0.509743545625761,0.00579513434175065,0,0,0.782608695652174,0,0
"243","Retailing",0.423423423423423,0.729452054794521,0.529219921855843,0.0213409492674603,0,0,0.521739130434783,0,0
"244","Financials",0.426426426426426,0.821917808219178,0.585023335225951,0.00406782157222736,0,0,0.521739130434783,0,0
"245","Retailing",0.427427427427427,0.674657534246575,0.50337806765841,0.00384054357623745,0,0,0.521739130434783,0,0
"246","Financials",0.428428428428428,0.657534246575342,0.548891535577905,0.0150894407097619,0,0,0.521739130434783,0,0
"247","Health Care",0.431431431431431,0.585616438356164,0.491376984384361,0.00456783316340515,0,0,0.521739130434783,0,0
"248","Financials",0.437437437437437,0.719178082191781,0.673831192829264,0.00787972812097008,0,0,0.521739130434783,0,0
"249","Technology",0.438438438438438,0.726027397260274,0.541196664964208,0.0163408333556823,0,0,0.521739130434783,0,0
"250","Financials",0.439439439439439,0.681506849315068,0.632287707078637,0.00897702628560935,0,0,0.521739130434783,0,0
"251","Energy",0.442442442442442,0.626712328767123,0.55320730989242,0.00382190678056628,0,1,0.434782608695652,0,0
"252","Technology",0.444444444444444,0.763698630136986,0.641133902019736,0.00424964396901928,0,0,0.521739130434783,0,0
"253","Financials",0.445445445445445,0.64041095890411,0.64429941402147,0.00886975107150211,0,0,0.521739130434783,1,0
"254","Financials",0.446446446446446,0.636986301369863,0.734464993677664,0.00251824019556817,0,0,0.521739130434783,0,0
"255","Technology",0.447447447447447,0.678082191780822,0.520323694310335,0.00515875595297891,0,1,0.434782608695652,0,0
"256","Energy",0.448448448448448,0.636986301369863,0.509603232604276,0.00114548109978913,0,0,0.797101449275362,0,0
"257","Technology",0.449449449449449,0.722602739726027,0.528270304597234,0.0118407290350822,0,0,0.449275362318841,0,1
"258","Financials",0.454454454454454,0.636986301369863,0.530598960396226,0.00288597599307984,0,0,0.521739130434783,0,0
"259","Financials",0.456456456456456,0.243150684931507,0.409835054421994,0.000581377113742182,0,0,0.521739130434783,0,0
"260","Financials",0.458458458458458,0.671232876712329,0.685539712440379,0.00269915348037614,1,0,0.63768115942029,0,1
"261","Energy",0.46046046046046,0.636986301369863,0.443768287057861,0.0007836545301732,0,0,0.652173913043478,0,1
"262","Retailing",0.463463463463463,0.232876712328767,0.436909216892565,0.0136134974038035,0,0,0.115942028985507,0,0
"263","Energy",0.464464464464464,0.452054794520548,0.111746377009656,0.00141457824704118,0,0,0.521739130434783,0,0
"264","Technology",0.465465465465465,0.636986301369863,0.510034452196681,0.0110275283654303,0,1,0.521739130434783,0,0
"265","Retailing",0.467467467467467,0.602739726027397,0.497933854329504,0.0137953198005954,0,0,0.782608695652174,0,0
"266","Health Care",0.471471471471471,0.688356164383562,0.647960356844975,0.00479511115939506,0,1,0.449275362318841,1,0
"267","Retailing",0.472472472472472,0.582191780821918,0.414537849340533,0.0149771653797429,0,1,0.521739130434783,0,0
"268","Financials",0.475475475475475,0.688356164383562,0.563147451845935,0.00834610256874137,0,0,0.521739130434783,0,0
"269","Technology",0.477477477477477,0.654109589041096,0.614583544846975,0.00474965556019708,0,0,0.521739130434783,0,0
"270","Retailing",0.47947947947948,0.476027397260274,0.489779848105804,0.00842883175928169,0,0,0.521739130434783,0,0
"271","Energy",0.482482482482482,0.339041095890411,0.361192358150115,0.000592741013541678,0,0,0.811594202898551,0,0
"272","Technology",0.483483483483483,0.636986301369863,0.490330016213996,0.0054314895481668,0,0,0.521739130434783,1,0
"273","Financials",0.485485485485485,0.636986301369863,0.734020337009915,0.00417055122641479,0,0,0.27536231884058,0,0
"274","Technology",0.486486486486487,0.585616438356164,0.639778552822346,0.00743153591287798,0,0,0.478260869565217,0,0
"275","Energy",0.487487487487487,0.568493150684932,0.580739373660389,0.00421464315763684,0,0,0.695652173913043,0,0
"276","Retailing",0.488488488488488,0.657534246575342,0.526886222414273,0.00874974828961944,0,1,0.449275362318841,0,0
"277","Financials",0.48948948948949,0.595890410958904,0.464468908904008,0.00459056096300414,0,0,0.101449275362319,0,0
"278","Retailing",0.491491491491492,0.636986301369863,0.502566192703,0.0032696212503108,0,0,0.521739130434783,0,0
"279","Financials",0.492492492492492,0.547945205479452,0.625972589069229,0.0043391914994393,0,1,0.521739130434783,0,0
"280","Financials",0.495495495495495,0.636986301369863,0.586904062047419,0.00229505320350608,0,0,0.521739130434783,0,0
"281","Financials",0.496496496496497,0.633561643835616,0.732766730160503,0.00168140261433333,0,0,0.536231884057971,0,0
"282","Health Care",0.497497497497497,0.636986301369863,0.548933452083502,0.0124316518246559,0,0,0.521739130434783,0,0
"283","Financials",0.4994994994995,0.636986301369863,0.654645696744932,0.00709698270278084,0,0,0.521739130434783,0,0
"284","Financials",0.502502502502503,0.636986301369863,0.553340354522496,0.00195095431757736,0,0,0.753623188405797,0,0
"285","Financials",0.503503503503503,0.636986301369863,0.74236620055132,0.00332462252534036,0,0,0.521739130434783,0,0
"286","Health Care",0.506506506506507,0.636986301369863,0.496233010442495,0.00352235438185158,0,0,0.521739130434783,0,0
"287","Financials",0.508508508508508,0.636986301369863,0.54773583181411,0.00378508774521591,0,0,0.391304347826087,0,0
"288","Financials",0.509509509509509,0.636986301369863,0.559039139490762,0.00261324239789195,0,0,0.521739130434783,0,0
"289","Technology",0.511511511511512,0.636986301369863,0.512018551499926,0.0157953661653066,0,0,0.521739130434783,0,0
"290","Financials",0.513513513513513,0.636986301369863,0.599733587635156,5.63649430054969e-05,0,0,0.521739130434783,0,0
"291","Health Care",0.514514514514514,0.636986301369863,0.504482730128881,0.0194318141011451,0,0,0.72463768115942,0,0
"292","Energy",0.515515515515516,0.636986301369863,0.49120510073228,0.000616832481116608,0,0,0.521739130434783,0,0
"293","Technology",0.517517517517518,0.636986301369863,0.708617292515939,0.00745880927239677,0,0,0.521739130434783,0,0
"294","Financials",0.519519519519519,0.636986301369863,0.607707100653586,0.00215868640591214,0,0,0.550724637681159,0,1
"295","Technology",0.521521521521522,0.636986301369863,0.53104260751255,0.00828882851375191,0,0,0.521739130434783,0,0
"296","Energy",0.523523523523523,0.636986301369863,0.528566702085065,0.00604923114126737,0,0,0.521739130434783,0,0
"297","Retailing",0.525525525525526,0.636986301369863,0.516874791136944,0.0100906884659599,0,0,0.521739130434783,0,0
"298","Energy",0.532532532532533,0.636986301369863,0.535782904034936,0.00377826940533621,0,0,0.521739130434783,0,0
"299","Energy",0.533533533533533,0.636986301369863,0.548575482239158,0.000885929628368658,0,0,0.521739130434783,0,0
"300","Financials",0.534534534534535,0.636986301369863,0.531499492037031,0.00415873277062332,0,0,0.521739130434783,0,0
"301","Technology",0.536536536536537,0.636986301369863,0.626223862527576,0.00738608031368,0,0,0.521739130434783,0,0
"302","Technology",0.537537537537538,0.636986301369863,0.598884518527453,0.00820428109924366,0,0,0.521739130434783,0,0
"303","Energy",0.538538538538539,0.636986301369863,0.574005958953453,0.00207550265937983,0,0,0.376811594202899,0,0
"304","Financials",0.541541541541542,0.636986301369863,0.648653006971933,0.000178185948856087,0,0,0.521739130434783,0,0
"305","Retailing",0.543543543543544,0.636986301369863,0.522407523703321,0.0127043854198438,0,0,0.36231884057971,0,1
"306","Financials",0.544544544544545,0.636986301369863,0.55729475768349,0.00402236597302937,0,0,0.521739130434783,0,0
"307","Health Care",0.546546546546547,0.636986301369863,0.811495923623162,0.00137775921169082,0,0,0.521739130434783,0,0
"308","Technology",0.548548548548549,0.636986301369863,0.522083217739467,0.0100225050671629,0,0,0.521739130434783,0,0
"309","Financials",0.553553553553554,0.636986301369863,0.544735760669138,0.00193140840992223,0,0,0.521739130434783,0,0
"310","Retailing",0.554554554554555,0.636986301369863,0.477735228355685,0.00520784800011273,0,0,0.376811594202899,0,0
"311","Financials",0.557557557557558,0.636986301369863,0.779789105838146,0.00195868176944102,0,0,0.521739130434783,1,0
"312","Retailing",0.558558558558559,0.636986301369863,0.450925824343835,0.0054314895481668,0,0,0.521739130434783,0,0
"313","Technology",0.567567567567568,0.636986301369863,0.547316978039177,0.00393145477463341,0,0,0.521739130434783,1,0
"314","Financials",0.56956956956957,0.636986301369863,0.607715812152372,0.00438601076661323,0,0,0.463768115942029,1,0
"315","Technology",0.572572572572573,0.636986301369863,0.490528986207435,0.00538603394896882,0,0,0.521739130434783,0,0
"316","Health Care",0.576576576576577,0.636986301369863,0.505070989851142,0.0108861614519246,0,0,0,0,0
"317","Technology",0.57957957957958,0.636986301369863,0.55003695601371,0.0103406942615488,1,0,0.521739130434783,0,0
"318","Energy",0.580580580580581,0.636986301369863,0.599211168922283,0.000549558194303595,0,0,0.405797101449275,0,0
"319","Energy",0.581581581581582,0.636986301369863,0.455231620236008,0.0029768871914758,0,0,0.521739130434783,0,0
"320","Health Care",0.582582582582583,0.636986301369863,0.538718830646452,0.0161999209981686,0,0,0.391304347826087,0,0
"321","Energy",0.584584584584585,0.636986301369863,0.382397025064018,0.000637287500755699,0,0,0.521739130434783,0,0
"322","Technology",0.587587587587588,0.636986301369863,0.659908481964066,0.00453146868404677,0,0,0.521739130434783,0,0
"323","Health Care",0.588588588588589,0.636986301369863,0.488262841874216,0.0249773972032988,0,0,0.521739130434783,0,0
"324","Financials",0.591591591591592,0.636986301369863,0.599611240834909,0.00142957859477652,0,0,0.565217391304348,0,0
"325","Health Care",0.596596596596597,0.636986301369863,0.694140566254185,0.00330689484165315,0,0,0.521739130434783,0,0
"326","Technology",0.600600600600601,0.636986301369863,0.538526128391044,0.0042582805328669,0,0,0.521739130434783,0,0
"327","Energy",0.601601601601602,0.636986301369863,0.255969049950646,0.00101411441810697,0,0,0.072463768115942,0,0
"328","Retailing",0.603603603603604,0.636986301369863,0.5687215465959,0.00638605713132441,0,0,0.521739130434783,0,0
"329","Energy",0.604604604604605,0.636986301369863,0.299248912462869,0.000270915371219969,0,0,0.521739130434783,0,0
"330","Technology",0.606606606606607,0.636986301369863,0.43381007978811,0.00997704946796494,0,0,0.521739130434783,0,0
"331","Energy",0.607607607607608,0.636986301369863,0.43399393951742,0.000225459772021988,1,0,0.521739130434783,0,0
"332","Health Care",0.612612612612613,0.636986301369863,0.648744430140816,0.00629514593292844,0,0,0.521739130434783,0,0
"333","Retailing",0.615615615615616,0.636986301369863,0.51609689561766,0.012249829427864,0,0,0.652173913043478,0,0
"334","Technology",0.616616616616617,0.636986301369863,0.58358748652754,0.0061587791353345,0,0,0.521739130434783,0,0
"335","Financials",0.61961961961962,0.636986301369863,0.608774282538486,0.001959136325433,0,1,0.434782608695652,0,1
"336","Technology",0.620620620620621,0.636986301369863,0.523224073673245,0.00757881205427944,0,0,0.521739130434783,0,0
"337","Energy",0.624624624624625,0.636986301369863,0.671273446463653,0.000350462669816437,0,0,0.63768115942029,0,0
"338","Health Care",0.625625625625626,0.636986301369863,0.677058729170097,0.00134048562034847,0,0,0.376811594202899,0,0
"339","Financials",0.626626626626627,0.636986301369863,0.637281429516419,0.0021641410778159,1,0,0.521739130434783,0,0
"340","Financials",0.631631631631632,0.636986301369863,0.522083295286964,0.00161321921553636,0,0,0.521739130434783,0,0
"341","Financials",0.635635635635636,0.636986301369863,0.589066192306065,0.00208595744719537,0,0,0.565217391304348,0,0
"342","Health Care",0.637637637637638,0.636986301369863,0.441498942366086,0.021977327656232,0,1,0.521739130434783,0,0
"343","Technology",0.638638638638639,0.636986301369863,0.506253904912111,0.0134544028066105,0,0,0.521739130434783,0,0
"344","Health Care",0.640640640640641,0.636986301369863,0.494112823466896,0.0104316054599448,0,0,0.0434782608695652,0,0
"345","Health Care",0.641641641641642,0.636986301369863,0.530177379981367,0.0068860687225022,0,0,0.521739130434783,0,0
"346","Financials",0.642642642642643,0.636986301369863,0.554966761581317,0.00147685241794242,0,0,0.521739130434783,0,0
"347","Retailing",0.643643643643644,0.636986301369863,0.514605557829084,0.00761335830966991,1,0,0.753623188405797,0,0
"348","Technology",0.644644644644645,0.636986301369863,0.513054290720267,0.00418146057022231,0,0,0.521739130434783,1,0
"349","Financials",0.645645645645646,0.636986301369863,0.540532769864149,0.00202231960831819,0,0,0.521739130434783,0,0
"350","Energy",0.646646646646647,0.636986301369863,0.527000045310583,0.000300461510698657,0,0,0.521739130434783,0,0
"351","Retailing",0.648648648648649,0.636986301369863,0.491492771263552,0.00547694514736478,0,0,0.521739130434783,0,0
"352","Retailing",0.650650650650651,0.636986301369863,0.466437842720104,0.00330598572966919,1,0,0.231884057971014,1,0
"353","Retailing",0.652652652652653,0.636986301369863,0.533430736272125,0.0136362252034024,0,0,0.521739130434783,0,0
"354","Financials",0.654654654654655,0.636986301369863,0.56162576613533,0.000211368536270614,0,1,0.521739130434783,0,0
"355","Financials",0.655655655655656,0.636986301369863,0.515318407782734,0.00172185809761954,0,0,0.826086956521739,0,0
"356","Financials",0.658658658658659,0.636986301369863,0.698110034250203,0.00348053523058944,0,0,0.521739130434783,0,0
"357","Financials",0.666666666666667,0.636986301369863,0.558298524188794,0.00148503442579805,0,1,0.681159420289855,0,0
"358","Financials",0.66966966966967,0.636986301369863,0.545617057425037,0.00189368026258791,0,0,0.521739130434783,0,0
"359","Energy",0.673673673673674,0.636986301369863,0.493296714494084,0.00149730743758151,0,0,0.521739130434783,0,0
"360","Energy",0.674674674674675,0.636986301369863,0.589285794478668,0.00161185554756042,0,0,0.144927536231884,0,0
"361","Technology",0.675675675675676,0.636986301369863,0.396583167859083,0.00552240074656276,1,0,0.478260869565217,1,1
"362","Retailing",0.677677677677678,0.636986301369863,0.493448527972679,0.0117952734358842,0,1,0.521739130434783,0,1
"363","Technology",0.67967967967968,0.636986301369863,0,0.00256005934683031,1,0,0.521739130434783,0,0
"364","Energy",0.681681681681682,0.636986301369863,0.602301296036872,0.00306779838987177,0,0,0.521739130434783,0,0
"365","Technology",0.683683683683684,0.636986301369863,0.534020877240764,0.00287824854121618,0,0,0.521739130434783,0,1
"366","Retailing",0.684684684684685,0.636986301369863,0.486825356334447,0.00703970864779138,0,0,0.521739130434783,0,0
"367","Technology",0.686686686686687,0.636986301369863,0.677137650592753,0.0034768987826536,0,0,0.420289855072464,1,0
"368","Financials",0.687687687687688,0.636986301369863,0.703599598328297,0.00159685519982509,0,0,0.521739130434783,0,0
"369","Financials",0.68968968968969,0.636986301369863,0.572272870822416,0.0037064495586034,0,0,0.521739130434783,0,0
"370","Health Care",0.690690690690691,0.636986301369863,0.198163653889222,0.00428600844837767,1,0,0.521739130434783,0,0
"371","Financials",0.694694694694695,0.636986301369863,0.502244148304892,0.00125002897794449,0,0,0.521739130434783,0,0
"372","Energy",0.695695695695696,0.636986301369863,0.492139480482814,0.000326825758233486,0,0,0.521739130434783,0,0
"373","Technology",0.696696696696697,0.636986301369863,0.499977663949444,0.00164503813497495,1,0,0.521739130434783,0,0
"374","Retailing",0.697697697697698,0.636986301369863,0.504379073855094,0.00729516911528404,0,0,0.681159420289855,1,0
"375","Technology",0.698698698698699,0.636986301369863,0.523900661184992,0.00497693355618698,0,0,0.521739130434783,0,0
"376","Energy",0.700700700700701,0.636986301369863,0.590854449952283,0.00279961035460368,0,0,0.521739130434783,0,0
"377","Financials",0.701701701701702,0.636986301369863,0.534088573557605,0.000253187687532756,0,0,0.521739130434783,0,0
"378","Technology",0.702702702702703,0.636986301369863,0.608437451886937,0.00469101783723168,0,0,0.550724637681159,0,1
"379","Technology",0.703703703703704,0.636986301369863,0.772304926451815,0.00220414200511012,1,0,0.333333333333333,0,0
"380","Energy",0.704704704704705,0.636986301369863,0.477572711493083,0.000658651632378751,0,0,0.521739130434783,0,0
"381","Energy",0.70970970970971,0.636986301369863,0.52794953536212,0.00139957789930585,0,1,0.521739130434783,0,0
"382","Financials",0.712712712712713,0.636986301369863,0.5622924750149,0.0007836545301732,0,0,0.521739130434783,0,0
"383","Technology",0.713713713713714,0.636986301369863,0.656854530956552,0.00406782157222736,0,0,0.521739130434783,0,0
"384","Health Care",0.715715715715716,0.636986301369863,0.504692905222158,0.00179140516439245,0,0,0.0579710144927536,0,0
"385","Health Care",0.717717717717718,0.636986301369863,0.44526039220891,0.00292143136045426,0,0,0.521739130434783,0,0
"386","Technology",0.721721721721722,0.636986301369863,0.57329854148875,0.00604968569725935,0,0,0.434782608695652,0,0
"387","Technology",0.722722722722723,0.636986301369863,0.593112815250858,0.00629332770896053,1,0,0.652173913043478,0,0
"388","Financials",0.726726726726727,0.636986301369863,0.805125974413616,0.000755017502678471,0,0,0.623188405797101,0,1
"389","Financials",0.731731731731732,0.636986301369863,0.594697758175053,0.00161731021946418,0,1,0.521739130434783,1,1
"390","Technology",0.736736736736737,0.636986301369863,0.530354019920924,0.00456783316340515,0,0,0.521739130434783,0,0
"391","Technology",0.737737737737738,0.636986301369863,0.592527536991967,0.00519693865630521,0,0,0.521739130434783,0,0
"392","Financials",0.73973973973974,0.636986301369863,0.655962951056529,0.00460783409069937,0,0,0.521739130434783,0,0
"393","Health Care",0.742742742742743,0.636986301369863,0.547240231687869,0.00455056003570992,0,0,0.521739130434783,0,0
"394","Retailing",0.743743743743744,0.636986301369863,0.501440028372921,0.00406782157222736,0,1,0.521739130434783,0,0
"395","Financials",0.745745745745746,0.636986301369863,0.608141487167197,0.000681379431977741,0,0,0.521739130434783,0,0
"396","Energy",0.747747747747748,0.636986301369863,0.546626709778908,0.000383190701238983,0,0,0.521739130434783,0,1
"397","Technology",0.748748748748749,0.636986301369863,0.516349734326734,0.0078770007850182,0,0,0.521739130434783,0,0
"398","Technology",0.74974974974975,0.636986301369863,0.509285036118377,0.0086133814920255,0,0,0.63768115942029,1,0
"399","Financials",0.753753753753754,0.636986301369863,0.667182912511626,0.000622741709012345,1,0,0.695652173913043,0,1
"400","Financials",0.754754754754755,0.636986301369863,0.69121842641618,0.00185049744334982,0,0,0.521739130434783,0,0
"401","Energy",0.756756756756757,0.636986301369863,0.532414050456074,0.00404236643667649,0,0,0.521739130434783,0,0
"402","Health Care",0.75975975975976,0.636986301369863,0.509774726198133,0.0161590109588904,0,1,0.521739130434783,0,0
"403","Financials",0.763763763763764,0.636986301369863,0.578316670423128,0.0202500148867087,0,0,0.521739130434783,0,0
"404","Technology",0.764764764764765,0.636986301369863,0.515196174306099,0.00365872117944552,0,0,0.521739130434783,0,0
"405","Health Care",0.767767767767768,0.636986301369863,0.501037873434365,0.0027405180756463,0,0,0.521739130434783,0,0
"406","Technology",0.768768768768769,0.636986301369863,0.539634121293067,0.00793154750405578,0,0,0.507246376811594,0,0
"407","Energy",0.76976976976977,0.636986301369863,0.460764708822795,0.0029768871914758,0,0,0.521739130434783,0,0
"408","Technology",0.771771771771772,0.636986301369863,0.682587598158593,0.00199186435685555,0,0,0.565217391304348,0,0
"409","Energy",0.772772772772773,0.636986301369863,0.449204736139857,0.000349553557832477,0,0,0.710144927536232,0,1
"410","Energy",0.775775775775776,0.636986301369863,0.684212602133627,0.000396372825006398,0,0,0.521739130434783,0,0
"411","Technology",0.777777777777778,0.636986301369863,0.493960186778865,0.00129503002115049,0,0,0.521739130434783,0,0
"412","Technology",0.778778778778779,0.636986301369863,0.639077638149763,0.00379508797703947,0,0,0.521739130434783,0,0
"413","Technology",0.77977977977978,0.636986301369863,0.612075801312554,0.00703379941989564,0,0,0.521739130434783,0,0
"414","Financials",0.781781781781782,0.636986301369863,0.481336888186086,0.000523193946768766,0,0,0.478260869565217,0,0
"415","Retailing",0.783783783783784,0.636986301369863,0.46756400358133,0.00747699151207596,0,0,0.521739130434783,0,0
"416","Technology",0.786786786786787,0.636986301369863,0.517072861964245,0.00316961893207524,0,0,0.521739130434783,0,0
"417","Financials",0.788788788788789,0.636986301369863,0.605087380073483,0.000322280198313688,0,0,0.231884057971014,0,0
"418","Energy",0.78978978978979,0.636986301369863,0.576471833646283,0.000765472290494007,0,0,0.521739130434783,0,0
"419","Energy",0.791791791791792,0.636986301369863,0.46389950433069,0.00193140840992223,0,0,0.521739130434783,0,0
"420","Technology",0.792792792792793,0.636986301369863,0.482162691886141,0.00943158227758916,0,0,0.579710144927536,0,0
"421","Retailing",0.796796796796797,0.636986301369863,0.500622456258948,0.00515875595297891,0,1,0.521739130434783,0,0
"422","Financials",0.797797797797798,0.636986301369863,0.645258297297557,0,0,0,0.507246376811594,0,0
"423","Health Care",0.798798798798799,0.636986301369863,0.52146516884608,0.00452237756420717,0,0,0.521739130434783,0,0
"424","Financials",0.800800800800801,0.636986301369863,0.479472006325167,0.00145230639437551,0,0,0.521739130434783,0,0
"425","Energy",0.801801801801802,0.636986301369863,0.605147304441442,0.00214777706210462,0,0,0.521739130434783,0,0
"426","Technology",0.803803803803804,0.636986301369863,0.467023582260184,0.00316507337215545,0,0,0.449275362318841,0,1
"427","Technology",0.805805805805806,0.636986301369863,0.597687722847886,0.00348780812646111,1,0,0.623188405797101,0,0
"428","Technology",0.806806806806807,0.636986301369863,0.329105742612896,0.00356780998104956,0,0,0.521739130434783,0,0
"429","Technology",0.807807807807808,0.636986301369863,0.542447892694396,0.0134316750070115,0,0,0.521739130434783,0,0
"430","Technology",0.808808808808809,0.636986301369863,0.539416462016502,0.00588604554014661,0,0,0.521739130434783,1,0
"431","Energy",0.80980980980981,0.636986301369863,0.537305888795114,0.0017227672096035,0,1,0.521739130434783,0,0
"432","Financials",0.812812812812813,0.636986301369863,0.846885285760312,0.00265869799708993,0,0,0.159420289855072,0,0
"433","Financials",0.813813813813814,0.636986301369863,0.550554568664605,0.00106775202516058,0,0,0.521739130434783,0,0
"434","Financials",0.816816816816817,0.636986301369863,0.558781651798892,0.000198640968495179,0,0,0.173913043478261,0,0
"435","Financials",0.81981981981982,0.636986301369863,0.646246349500066,0.00386781693575624,0,0,0.608695652173913,0,0
"436","Energy",0.820820820820821,0.636986301369863,0.0760959685091903,0.000274551819155808,0,0,0.521739130434783,0,0
"437","Financials",0.822822822822823,0.636986301369863,0.527784035615924,0.00178731416046463,0,0,0.521739130434783,0,0
"438","Energy",0.824824824824825,0.636986301369863,0.477968545106733,0.00384145268822141,0,0,0.521739130434783,0,0
"439","Financials",0.825825825825826,0.636986301369863,0.540563718301232,0.000557740202159232,0,0,0.521739130434783,0,0
"440","Technology",0.831831831831832,0.636986301369863,0.410890215176418,0.00236278204631107,1,0,0.521739130434783,0,0
"441","Energy",0.834834834834835,0.636986301369863,0.738874367161598,0.000833201133298999,0,0,0.695652173913043,0,0
"442","Financials",0.837837837837838,0.636986301369863,0.728778412294344,0.00120411882275453,0,0,0.521739130434783,0,0
"443","Financials",0.83983983983984,0.636986301369863,0.222699740022026,0.000158640041200955,1,0,0.521739130434783,1,0
"444","Technology",0.840840840840841,0.636986301369863,0.496476384719253,0.0116589066382903,0,0,0.521739130434783,0,0
"445","Retailing",0.842842842842843,0.636986301369863,0.510316506742403,0.00715880231769009,0,0,0.521739130434783,0,0
"446","Retailing",0.843843843843844,0.636986301369863,0.529998391672015,0.00656787952811633,0,0,0.826086956521739,0,0
"447","Technology",0.845845845845846,0.636986301369863,0.527594454242192,0.0101588718647569,0,0,0.521739130434783,1,0
"448","Health Care",0.847847847847848,0.636986301369863,0.604912303396097,0.0054314895481668,0,0,0.521739130434783,0,0
"449","Retailing",0.84984984984985,0.636986301369863,0.542338012186563,0.00213595860631315,0,0,0.521739130434783,1,0
"450","Energy",0.850850850850851,0.636986301369863,0.583239644258906,0.000353644561760295,0,1,0.521739130434783,0,0
"451","Energy",0.852852852852853,0.636986301369863,0.478922293400063,0.000545012634383797,0,0,0.304347826086957,0,0
"452","Health Care",0.854854854854855,0.636986301369863,0.551043451471222,0.00774972510726385,0,0,0.521739130434783,0,0
"453","Health Care",0.857857857857858,0.636986301369863,0.590952602542683,0.00326780302634288,0,0,0.289855072463768,0,0
"454","Health Care",0.858858858858859,0.636986301369863,0.606214000455247,0.00652242392891835,0,0,0.521739130434783,0,0
"455","Energy",0.85985985985986,0.636986301369863,0.530275213166097,0.000480465683522664,0,0,0.521739130434783,0,0
"456","Financials",0.860860860860861,0.636986301369863,0.63326439310308,0.00151639878924466,0,0,0.521739130434783,0,0
"457","Financials",0.861861861861862,0.636986301369863,0.528255229868332,0.000723653139231864,0,0,0.521739130434783,0,0
"458","Retailing",0.865865865865866,0.636986301369863,0.465147674754286,0.00424964396901928,0,1,0.521739130434783,0,0
"459","Health Care",0.868868868868869,0.636986301369863,0.522962137667776,0.00556785634576074,0,0,0.521739130434783,0,0
"460","Financials",0.871871871871872,0.636986301369863,0.587556898609658,0.000350917225808416,0,0,0.521739130434783,0,0
"461","Energy",0.876876876876877,0.636986301369863,0.512242238059644,0.000966386038949085,0,0,0.521739130434783,0,0
"462","Energy",0.878878878878879,0.636986301369863,0.369717170006391,0.00261324239789195,0,0,0.521739130434783,0,0
"463","Technology",0.885885885885886,0.636986301369863,0.727049393618064,0.0010222964259626,0,1,0.550724637681159,0,0
"464","Health Care",0.886886886886887,0.636986301369863,0.606134872822831,0.00415873277062332,0,0,0.521739130434783,0,0
"465","Health Care",0.887887887887888,0.636986301369863,0.610377781079499,0.00658151620787573,0,0,0.623188405797101,0,0
"466","Technology",0.888888888888889,0.636986301369863,0.652321752810418,0.0033709872365223,0,0,0.521739130434783,0,0
"467","Financials",0.88988988988989,0.636986301369863,0.644357006786368,0.00242641988518825,0,0,0.521739130434783,0,0
"468","Financials",0.892892892892893,0.636986301369863,0.598627264455107,0.0045601057115415,0,0,0.521739130434783,0,0
"469","Financials",0.894894894894895,0.636986301369863,0.528055474269138,0.000327734870217446,0,0,0.695652173913043,0,0
"470","Financials",0.897897897897898,0.636986301369863,0.650234432131115,0.000840474029170676,0,0,0.521739130434783,0,0
"471","Energy",0.901901901901902,0.636986301369863,0.450484793007161,0.000425464408493106,0,0,0.521739130434783,0,0
"472","Technology",0.902902902902903,0.636986301369863,0.389686763745768,0.00261324239789195,0,0,0.521739130434783,0,0
"473","Retailing",0.906906906906907,0.636986301369863,0.332962551854416,0.00649969612931936,0,0,0.521739130434783,0,0
"474","Financials",0.907907907907908,0.636986301369863,0.466592999437854,0.000480920239514643,0,0,0.492753623188406,0,0
"475","Technology",0.90990990990991,0.636986301369863,0.772048570979111,0.00364872094762197,0,0,0.579710144927536,1,1
"476","Technology",0.910910910910911,0.636986301369863,0.522006739064411,0.00406782157222736,0,0,0.565217391304348,0,0
"477","Financials",0.911911911911912,0.636986301369863,0.714499764381313,0.00139594145137001,0,0,0.521739130434783,0,0
"478","Financials",0.913913913913914,0.636986301369863,0.561872933224713,0.000249551239596918,0,0,0.565217391304348,0,0
"479","Technology",0.914914914914915,0.636986301369863,0.727629060127675,0.00321825642321708,0,0,0.521739130434783,0,0
"480","Financials",0.915915915915916,0.636986301369863,0.638132330643953,0.00284279317384176,0,0,0.579710144927536,1,0
"481","Technology",0.916916916916917,0.636986301369863,1,0.00366781229928512,0,0,0.521739130434783,0,0
"482","Health Care",0.917917917917918,0.636986301369863,0.463912175890468,0.00247323915236217,0,0,0.521739130434783,0,0
"483","Technology",0.920920920920921,0.636986301369863,0.623701713396232,0.00243142000110003,0,0,0.521739130434783,0,0
"484","Energy",0.921921921921922,0.636986301369863,0.554934994051757,0.00165867481473434,0,0,0.246376811594203,1,0
"485","Technology",0.922922922922923,0.636986301369863,0.562992387297276,0.0166767502337554,1,0,0.521739130434783,0,0
"486","Energy",0.923923923923924,0.636986301369863,0.561549728489909,0.00024500567967712,0,0,0.521739130434783,0,0
"487","Energy",0.924924924924925,0.636986301369863,0.392823650988322,0.00195868176944102,0,0,0.521739130434783,0,0
"488","Health Care",0.925925925925926,0.636986301369863,0.518759977613299,0.0111134394479145,0,0,0.521739130434783,0,0
"489","Financials",0.926926926926927,0.636986301369863,0.61681803691249,0.00224687026835622,0,0,0.173913043478261,0,0
"490","Technology",0.92992992992993,0.636986301369863,0.493071836881841,0.00479511115939506,0,0,0.521739130434783,0,0
"491","Technology",0.931931931931932,0.636986301369863,0.614940290040118,0.00239732830170154,0,0,0.521739130434783,0,0
"492","Financials",0.932932932932933,0.636986301369863,0.490838125103081,0.00179504161232829,0,0,0.521739130434783,0,0
"493","Energy",0.933933933933934,0.636986301369863,0.617349685877568,0.00107911592496008,0,0,0.521739130434783,0,0
"494","Financials",0.935935935935936,0.636986301369863,0.638051398129363,0.00229823509544994,0,0,0.521739130434783,0,0
"495","Technology",0.936936936936937,0.636986301369863,0.520718966666363,0.00402236597302937,0,0,0.376811594202899,0,0
"496","Health Care",0.938938938938939,0.636986301369863,0.520757154232247,0.00144776083445571,0,1,0.521739130434783,0,0
"497","Technology",0.93993993993994,0.636986301369863,0.479283764533834,0.00286097541352095,0,0,0.594202898550725,0,0
"498","Financials",0.940940940940941,0.636986301369863,0.521824607810115,0.00252233119949599,0,0,0.521739130434783,1,0
"499","Technology",0.944944944944945,0.636986301369863,0.498477406559584,0.00264551587332252,0,0,0.521739130434783,0,0
"500","Retailing",0.947947947947948,0.636986301369863,0.504979915846887,0.00627241813332945,0,1,0.521739130434783,0,0
"501","Health Care",0.952952952952953,0.636986301369863,0.62593719948536,0.000638651168731639,0,0,0.521739130434783,0,0
"502","Technology",0.953953953953954,0.636986301369863,0.588387406477024,0.00319598317961007,1,0,0.521739130434783,0,0
"503","Financials",0.958958958958959,0.636986301369863,0.558762223516571,0.00117593635125178,0,0,0.942028985507246,1,0
"504","Energy",0.960960960960961,0.636986301369863,0.554192280855486,0.0013173032647575,0,1,0.521739130434783,0,0
"505","Financials",0.962962962962963,0.636986301369863,0.503983533832854,0.00234050880270406,0,0,0.550724637681159,0,0
"506","Technology",0.963963963963964,0.636986301369863,0.465854065511141,0.0010222964259626,0,0,0.608695652173913,1,0
"507","Health Care",0.965965965965966,0.636986301369863,0.517178683019658,0.0103338759216691,1,0,0.188405797101449,0,0
"508","Technology",0.967967967967968,0.636986301369863,0.550372708249835,0.00326325746642309,0,0,0.521739130434783,0,0
"509","Energy",0.968968968968969,0.636986301369863,0.444302774617547,0.000253642243524736,0,0,0.492753623188406,0,0
"510","Energy",0.96996996996997,0.636986301369863,0.492005276719886,0.000225914328013968,0,0,0.579710144927536,0,0
"511","Technology",0.971971971971972,0.636986301369863,0.464025392402458,0.00252233119949599,1,0,0.521739130434783,0,0
"512","Energy",0.973973973973974,0.636986301369863,0.708758348430756,0.000225459772021988,0,0,0.521739130434783,0,0
"513","Financials",0.978978978978979,0.636986301369863,0.583338779228185,0.00349144457439695,0,0,0.521739130434783,0,1
"514","Financials",0.97997997997998,0.636986301369863,0.606686443169066,0.00111411673634252,0,0,0.521739130434783,0,0
"515","Energy",0.980980980980981,0.636986301369863,0.539751980297861,0.000694561555745156,0,0,0.521739130434783,0,0
"516","Energy",0.981981981981982,0.636986301369863,0.371196798290589,0.00411327717142534,0,0,0.521739130434783,0,0
"517","Retailing",0.982982982982983,0.636986301369863,0.535835478739667,0.00285688440959313,0,0,0.260869565217391,0,0
"518","Retailing",0.983983983983984,0.636986301369863,0.681834812991521,0.00330734939764513,0,0,0.420289855072464,0,0
"519","Retailing",0.984984984984985,0.636986301369863,0.481860144353493,0.00495147842063611,0,1,0.521739130434783,0,0
"520","Retailing",0.985985985985986,0.636986301369863,0.478002073632511,0.00561331194495872,0,0,0.521739130434783,0,0
"521","Financials",0.987987987987988,0.636986301369863,0.585121648111066,0.000840474029170676,0,0,0.550724637681159,0,1
"522","Retailing",0.98998998998999,0.636986301369863,0.431105927975295,0.00414055053094413,0,0,0.521739130434783,0,0
"523","Financials",0.993993993993994,0.636986301369863,0.535391217361346,0.000647287732579255,0,0,0.521739130434783,0,0
"524","Financials",0.995995995995996,0.636986301369863,0.578321574965218,0.00411327717142534,0,0,0.521739130434783,0,0
"525","Financials",0.997997997997998,0.636986301369863,0.501490145732935,6.95470667729116e-05,0,0,0.826086956521739,0,0
"526","Energy",1,0.636986301369863,0.499339010319532,0.00114548109978913,1,0,0.521739130434783,0,0
