sector,rank,rank_change,profit margin,num. of employees,ceo_founder,ceo_woman,age,BS,MBA
Retailing,1,0,0.02840080616225542,2200000,0,0,54.0,0,1
Retailing,2,3,0.04130870306072251,798000,1,0,56.0,1,0
Energy,3,-1,0.0541258709584884,74900,0,0,55.0,0,1
Technology,4,-1,0.21238094505984456,137000,0,0,60.0,1,1
Health Care,5,3,0.02583574788921083,290000,0,1,57.0,0,1
Financials,6,-2,0.319763879724762,391500,0,0,90.0,1,0
Health Care,7,-1,0.057149346492948734,325000,0,0,56.0,0,0
Health Care,8,-1,0.00015864202427222972,70000,0,0,48.0,0,0
Telecommunications,9,0,0.07673033726468462,247800,0,0,58.0,0,0
Health Care,10,0,0.004763095310350127,21500,0,0,59.0,0,0
Technology,11,4,0.2121811228430034,118899,0,0,48.0,0,1
Motor Vehicles & Parts,12,0,0.00030147530468248876,190000,0,0,58.0,0,0
Health Care,13,52,0.033236523709675315,73700,0,0,54.0,0,1
Retailing,14,0,0.023961546269555937,201500,0,0,68.0,0,0
Energy,15,-4,0.019956864779273255,48200,0,0,59.0,1,0
Health Care,16,0,0.009365509090659228,49500,0,0,71.0,0,0
Financials,17,1,0.25579615508839926,256981,0,0,64.0,0,1
Motor Vehicles & Parts,18,-5,0.049053826591954064,164000,0,1,59.0,1,0
Food & Drug Stores,19,-2,0.02909415048295413,287000,0,0,79.0,0,0
Telecommunications,20,-1,0.14609306275972941,135000,0,0,55.0,0,0
Technology,21,5,0.3118171054409065,144000,0,0,53.0,0,1
Energy,22,9,0.021127606899922283,60910,0,0,78.0,0,0
Food & Drug Stores,23,-3,0.01356655708748344,435000,0,0,59.0,0,0
Financials,24,-2,0.11770182205080462,7500,0,0,57.0,0,0
Financials,25,0,0.24148465080245446,208131,0,0,61.0,0,0
Retailing,26,1,0.10199138126559311,415700,0,0,62.0,0,0
Energy,27,-4,0.02807619638733468,14500,0,0,57.0,0,0
Telecommunications,28,4,0.11985276569183602,190000,0,0,61.0,1,0
Health Care,29,4,0.04612668285146767,70600,0,1,60.0,0,0
Financials,30,-1,0.1881249097820334,259800,0,0,55.0,0,1
Financials,31,-1,0.18754168720818953,200000,0,1,53.0,1,1
Energy,32,-8,0.02357659472982313,10222,0,0,57.0,0,0
Industrials,33,-12,-0.05229273006070536,205000,0,0,57.0,0,1
Technology,34,0,0.050090066627601626,165000,1,0,55.0,0,0
Health Care,35,2,0.1842454819093579,132200,0,0,60.0,1,1
Financials,36,0,0.0704411974008537,57672,0,0,61.0,0,0
Retailing,37,2,0.042003789430561246,368000,0,0,62.0,0,0
Technology,38,0,0.1222471385795948,383800,0,0,58.0,0,0
Aerospace & Defense,39,7,0.07186615787970822,243200,0,0,57.0,0,0
Aerospace & Defense,40,-12,-0.0083073185386434,161100,0,0,63.0,0,0
Financials,41,-1,0.09602662229617305,6892,0,0,57.0,0,0
Health Care,42,9,0.01769852222028698,56600,0,0,57.0,0,0
Transportation,43,-2,0.059923880476151915,377640,0,1,57.0,0,0
Retailing,44,-2,0.059336364140378114,260000,0,0,57.0,0,1
Technology,45,-2,0.2924755089279511,110800,0,0,59.0,0,0
Technology,46,11,0.2614679547929898,44942,1,0,57.0,1,0
Transportation,47,0,0.007748267401317206,389500,1,0,76.0,0,0
Financials,48,-4,0.08473139902326918,49000,0,0,57.0,0,0
Media,49,4,0.15889032629006755,223000,0,0,57.0,0,0
Household Products,50,-5,0.057576384374445955,97000,0,0,62.0,0,0
"Food, Beverages & Tobacco",51,-3,0.10890248805110109,267000,0,0,57.0,0,0
Health Care,52,4,0.04171803723338676,46000,0,0,57.0,0,1
Financials,53,-3,0.064591787924144,51511,0,0,57.0,0,0
"Food, Beverages & Tobacco",54,-5,0.02132826033160109,38100,0,0,58.0,0,0
Food & Drug Stores,55,-3,0.0021657071587276675,267000,0,0,57.0,0,0
Wholesalers,56,-2,0.027852127378193727,69000,0,0,57.0,0,0
Aerospace & Defense,57,3,0.10415970039456965,110000,0,0,57.0,0,0
Technology,58,-3,0.053645585131731226,56000,0,0,55.0,0,1
Energy,59,0,0.06625717078929408,12812,0,0,57.0,0,0
Financials,60,2,0.15700456214532102,38300,0,0,58.0,0,0
Financials,61,2,0.16799509503372165,60431,0,0,62.0,0,1
Industrials,62,-4,0.11325278810408922,102300,0,0,57.0,1,0
Technology,63,1,0.22389411220715166,75900,0,0,54.0,0,0
Health Care,64,-3,0.3144541062801932,88300,0,0,57.0,0,0
Health Care,65,2,0.0682756739909615,245000,0,0,57.0,0,0
Financials,66,0,0.06730189361958751,46000,0,0,53.0,0,1
Financials,67,5,0.14374734155678434,64500,0,0,61.0,0,1
Transportation,68,1,0.1014104282340928,91224,0,0,63.0,0,0
Health Care,69,7,0.21014090520922288,71000,0,0,57.0,0,0
Transportation,70,-2,0.036837965390665965,133700,0,0,58.0,0,1
Telecommunications,71,-1,0.03644786294904292,95100,0,0,57.0,0,0
Financials,72,10,0.1084946838276441,46035,0,0,62.0,1,1
Financials,73,-2,0.022753340012602964,11519,0,0,57.0,0,0
Financials,74,-1,0.0188645354917921,28114,0,0,57.0,0,0
Retailing,75,-1,0.035313259086117606,125000,0,1,57.0,0,0
Transportation,76,2,0.06955777988395478,96000,0,0,53.0,0,0
Financials,77,-2,0.02415101323216434,45000,0,0,57.0,0,0
Chemicals,78,0,-0.03164070685199413,36500,0,0,57.0,0,0
"Food, Beverages & Tobacco",79,1,0.04768305624336753,141000,0,0,57.0,0,0
Retailing,80,5,0.07843804683941798,286000,0,0,57.0,0,0
Financials,81,-2,0.06081167932289194,16533,0,0,57.0,0,0
Technology,82,-1,0.28053966486103377,136000,0,1,59.0,0,0
Aerospace & Defense,83,9,0.08853875476493012,102900,0,1,57.0,0,0
Industrials,84,3,0.08286209180294463,73489,0,0,43.0,1,0
Apparel,85,5,0.10299869621903521,76700,0,0,60.0,0,1
Financials,86,13,0.10174438718373853,41571,0,1,57.0,0,0
Food & Drug Stores,87,4,0.07813783707894381,207000,0,0,30.0,0,0
"Food, Beverages & Tobacco",88,12,0.23936027478130198,86200,0,0,55.0,0,0
Financials,89,-5,0.09933858386080195,9896,0,0,57.0,0,0
Wholesalers,90,-2,0.01012205933229545,15000,0,0,57.0,0,0
Energy,91,-8,0.004858904370026345,5500,0,0,57.0,0,0
Industrials,92,-15,0.16734315835353727,113000,0,0,57.0,0,0
Energy,93,-7,0.19604581401690754,10400,0,0,57.0,1,0
Financials,94,7,0.11248153992149905,35076,0,0,57.0,0,0
Energy,95,-2,0.08525466054939311,32713,0,0,57.0,0,0
Aerospace & Defense,96,12,0.06642829703613959,90000,0,1,57.0,0,0
Financials,97,1,0.16424806017887816,51900,1,0,70.0,0,1
Energy,98,-4,0.009831001811755622,5000,0,0,57.0,0,0
Health Care,99,-3,0.23693861600432875,30000,0,0,57.0,0,0
Financials,100,12,0.002586862023892756,2012,0,0,57.0,0,0
Energy,101,-12,0.14002476425164384,7300,0,0,22.0,1,0
Financials,102,9,0.03926474595585503,5964,0,0,57.0,0,0
Chemicals,103,-8,0.14220811550908638,96163,0,0,57.0,0,0
Health Care,104,-1,0.11556544633901705,107000,0,0,57.0,0,1
"Food, Beverages & Tobacco",105,-8,0.02601526621839783,10703,0,0,57.0,0,0
Financials,106,0,0.08302460340077895,30800,0,0,55.0,0,0
"Food, Beverages & Tobacco",107,3,0.24106693507800706,73500,0,0,63.0,0,1
Aerospace & Defense,108,6,0.11458047710446943,70000,0,0,57.0,0,0
Technology,109,-7,0.036004805217092845,61600,0,0,57.0,0,0
Wholesalers,110,-1,-0.007058180711558679,19300,0,0,59.0,1,0
Media,111,106,0.11894146411620883,26280,0,0,57.0,1,1
Retailing,112,7,0.06170642069611587,143000,0,0,57.0,0,0
Financials,113,4,0.25302836230558096,69651,0,0,57.0,0,0
"Hotels, Restaurants & Leisure",114,7,0.1357748051575715,346000,0,0,60.0,0,0
Health Care,115,23,0.1315356664754255,30000,0,0,57.0,0,0
Wholesalers,116,9,0.014842515131655036,28000,0,0,57.0,0,0
"Food, Beverages & Tobacco",117,-1,0.14960569042832844,80000,0,0,57.0,0,0
Industrials,118,12,0.09327843685668191,27000,0,0,57.0,1,0
Technology,119,5,0.14470284237726097,75000,0,0,57.0,0,0
Retailing,120,-2,0.022265208637637677,123000,0,0,57.0,0,0
Technology,121,19,0.0113557706379562,200000,0,0,57.0,0,0
"Food, Beverages & Tobacco",122,-7,0.07747127357168596,37000,0,0,53.0,0,0
Energy,123,3,0.15199935112336768,28793,0,1,39.0,1,0
Motor Vehicles & Parts,124,20,-0.03507201562372854,48016,1,0,49.0,1,0
Energy,125,-12,0.01303237283847855,3442,0,0,57.0,0,0
Technology,126,11,0.18069459893709058,37000,0,0,57.0,0,0
Energy,127,52,0.014945325019304378,1300,0,0,57.0,0,0
Financials,128,18,0.05367015288292926,100000,0,0,57.0,0,0
Energy,129,0,0.005369577984730263,68000,0,0,57.0,0,0
Wholesalers,130,28,0.021075627280877876,240900,0,0,57.0,0,0
Retailing,131,4,0.03502634387653108,125000,0,0,57.0,0,0
Industrials,132,-4,0.09588053116117262,61615,0,0,57.0,0,0
Wholesalers,133,177,-0.012137421159996765,19000,0,0,57.0,0,0
Technology,134,-29,0.2697171665384944,37000,0,0,57.0,0,0
Health Care,135,-6,0.3356733156407842,23400,0,0,57.0,0,1
Retailing,136,0,0.018801176907081288,26980,0,0,83.0,0,0
Business Services,137,16,0.5257431344387866,19500,0,0,62.0,0,1
Technology,138,12,0.12054697526220294,19000,0,0,57.0,0,1
Materials,139,-19,0.05627100035858319,26800,0,0,57.0,0,0
Health Care,140,-1,0.23992160007127267,11800,0,0,63.0,0,0
Transportation,141,1,0.10255038344925986,60767,0,0,65.0,0,0
Energy,142,-15,-0.05047304534094966,55000,0,0,50.0,0,0
Telecommunications,143,-11,-0.2352127137181376,42500,0,0,60.0,0,0
Materials,144,-11,0.054746156596353235,51000,0,0,57.0,0,0
Health Care,145,-22,0.3726965209794126,33625,0,0,65.0,0,0
Financials,146,-3,0.14811494149818444,11729,0,0,57.0,0,0
Engineering & Construction,147,7,0.08306977663569876,10106,0,0,57.0,0,0
Energy,148,19,-0.030358199444722588,14400,0,1,60.0,1,0
Transportation,149,-15,0.2726644555002764,37483,0,0,57.0,0,0
Food & Drug Stores,150,-43,-0.01947920126970066,42645,0,1,57.0,0,0
Financials,151,8,0.24828893821679615,50968,0,0,58.0,1,1
Chemicals,152,-117,0.02314986984008925,35000,0,0,64.0,0,0
Energy,153,-22,0.2212521592978197,27943,0,0,57.0,0,0
Retailing,154,-9,0.021091410171684078,25000,0,0,57.0,1,0
Technology,155,-33,0.05933723564954683,130000,0,0,57.0,0,0
"Hotels, Restaurants & Leisure",156,-7,0.2858823808507105,205000,0,0,52.0,1,1
"Hotels, Restaurants & Leisure",157,-6,0.06069998092695022,174000,0,0,68.0,0,0
Business Services,158,-17,0.02232127878831452,28000,0,0,57.0,0,1
Financials,159,4,0.21328402651042166,48400,0,0,57.0,0,0
Financials,160,1,0.10053037608486018,19500,0,0,57.0,0,0
Health Care,161,-1,0.14658986803890608,60000,0,0,57.0,1,0
Industrials,162,-14,0.057985209853567754,77000,0,0,55.0,0,0
Engineering & Construction,163,-6,-0.012942850202991085,86000,0,0,57.0,0,0
Media,164,33,0.0926207060784664,8600,1,0,60.0,0,0
Retailing,165,-9,0.034594973465505156,79500,0,1,57.0,0,1
Motor Vehicles & Parts,166,-19,0.038040817150674144,164100,0,0,26.0,1,0
"Food, Beverages & Tobacco",167,-5,-0.06531622550010104,7300,0,0,74.0,0,0
Wholesalers,168,8,0.008448350089903007,18000,0,0,57.0,1,0
Wholesalers,169,-4,0.00903241011138094,15500,0,0,57.0,0,0
Financials,170,3,0.19253892400184985,16500,0,1,61.0,0,1
Wholesalers,171,-2,0.03202817613176364,55000,0,0,54.0,0,0
Energy,172,12,0.19626119558425328,14800,0,0,57.0,0,0
Retailing,173,1,0.043998746474459415,25946,0,0,78.0,0,0
Health Care,174,-2,-0.01255479192597002,101104,0,0,57.0,0,0
Household Products,175,-4,0.11691056910569106,40000,0,0,57.0,0,0
Industrials,176,2,0.12551709122577837,88000,0,0,57.0,0,0
Materials,177,13,0.04718136584832413,51100,0,0,43.0,0,0
Technology,178,13,0.04085978571903906,9900,0,1,52.0,1,0
Financials,179,10,0.02976667111526313,93400,0,0,57.0,0,0
Chemicals,180,-3,0.08610229710404005,61111,0,0,57.0,0,0
Engineering & Construction,181,-17,-0.0732438318029769,53349,0,0,57.0,0,0
Business Services,182,22,0.13836371820841772,23200,0,0,62.0,0,1
Engineering & Construction,183,11,0.09199733983595654,8916,0,0,57.0,0,0
Energy,184,-9,0.04417096519620738,4074,0,0,32.0,0,0
Motor Vehicles & Parts,185,82,-0.019140401146131806,78000,0,0,57.0,0,0
Energy,186,-5,0.1573590333716916,2900,0,0,57.0,0,0
Health Care,187,8,0.0713128976286871,70093,0,0,57.0,0,0
Financials,188,-1,0.05133850967667169,11357,0,0,71.0,0,1
Energy,189,-6,-0.44696129371241755,23000,0,1,51.0,0,0
Technology,190,50,0.007369282957071003,49000,1,0,56.0,1,0
Business Services,191,19,0.48083871349878576,18600,0,0,57.0,0,0
"Food, Beverages & Tobacco",192,8,0.10392405663733605,40000,0,0,31.0,0,1
Health Care,193,-25,0.04379345177966605,10000,0,0,57.0,0,0
Technology,194,-1,0.1097539176547697,292500,0,0,57.0,0,0
Financials,195,15,0.10461205861157818,76000,0,0,52.0,0,0
Transportation,196,-16,0.02516818837097549,100000,0,0,57.0,0,0
Energy,197,41,0.08194545015689114,19100,0,0,57.0,0,0
Technology,198,-46,-0.04550666908081357,61800,0,0,57.0,0,0
Retailing,199,-13,0.02142464750045779,129000,0,1,57.0,0,0
Business Services,200,-2,0.02763860901074116,233400,0,0,57.0,0,0
Financials,201,18,0.08594448314336615,17601,0,0,31.0,0,0
Retailing,202,7,0.10355319188732535,92500,0,1,72.0,0,0
Household Products,203,-1,0.15083158095966354,34300,0,0,57.0,0,0
Energy,204,-12,0.12345290269513026,17408,0,0,57.0,0,0
Retailing,205,-9,0.03195052821437774,75000,0,0,57.0,0,0
Engineering & Construction,206,2,0.054838459349698644,50000,0,0,47.0,0,0
Business Services,207,6,0.10805564542219347,44900,0,0,57.0,1,0
Transportation,208,-23,0.03768901662366504,15427,0,0,57.0,0,0
Chemicals,209,-4,0.08206787270566486,47600,0,0,55.0,0,0
Technology,210,6,0.32291251825302003,26400,0,0,57.0,0,0
Business Services,211,-5,0.08954974354173213,70000,0,0,57.0,0,0
Financials,212,14,0.062420467483758624,18605,0,0,67.0,0,0
Chemicals,213,2,0.10457994270878757,50200,0,0,48.0,0,0
Health Care,214,19,0.13994893845740392,40000,0,0,57.0,0,0
Household Products,215,16,0.12009688488192155,48000,0,0,57.0,0,0
Motor Vehicles & Parts,216,-13,-0.02109189555781621,63000,0,0,57.0,1,0
Financials,217,29,0.2198581560283688,59000,0,0,57.0,0,0
Technology,218,-36,0.1852409638554217,22000,0,0,64.0,0,0
Financials,219,2,0.30786161359103104,16200,0,0,68.0,0,1
Household Products,220,8,0.06618105274819625,59438,0,0,57.0,0,0
Energy,221,-51,-0.016594917372587142,27500,0,0,57.0,0,0
Technology,222,-23,0.3488145727595078,29768,0,0,57.0,1,0
Health Care,223,12,0.4095521599120873,7400,0,0,57.0,0,0
Industrials,224,-6,0.10561231259121667,55610,0,0,57.0,0,0
Financials,225,26,0.06083916083916084,3188,0,1,57.0,1,0
Aerospace & Defense,226,1,0.033117249154453215,41700,0,0,57.0,1,0
Business Services,227,12,0.16174727693436425,58000,0,0,55.0,0,1
Technology,228,0,-0.6012582172898848,26900,0,0,51.0,0,0
Industrials,229,-15,0.17868027500177192,45000,0,0,57.0,0,0
Health Care,230,-42,0.057511612239832643,65000,0,0,57.0,0,0
Financials,231,22,0.2113803702909429,17200,0,0,57.0,0,0
"Food, Beverages & Tobacco",232,-20,0.014826069111515945,8000,0,1,57.0,0,0
Apparel,233,19,0.09082519862154484,75000,0,0,57.0,0,0
"Food, Beverages & Tobacco",234,0,-0.0692618806875632,21000,0,0,57.0,0,0
"Hotels, Restaurants & Leisure",235,-5,0.19637528204381688,50000,1,0,57.0,1,0
Aerospace & Defense,236,-7,0.05979457079970653,35000,0,0,59.0,0,0
"Food, Beverages & Tobacco",237,-3,0.07070260715863898,31000,0,0,57.0,0,1
Financials,238,6,0.050442615773891225,9032,0,0,57.0,0,0
Retailing,239,-14,-0.03388319215336603,25314,0,0,57.0,0,0
Wholesalers,240,10,0.0043288419410017105,8555,0,0,57.0,0,0
Health Care,241,-18,-0.05109765329295988,71500,0,0,57.0,0,0
Energy,242,-18,0.16579604814898932,11086,0,0,57.0,0,0
Retailing,243,2,0.014191816961950463,27231,0,0,57.0,0,0
Financials,244,3,0.17074099459294798,39103,0,0,57.0,0,0
Financials,245,4,0.14447073189345952,12500,0,0,57.0,1,1
Wholesalers,246,8,0.002744291644052378,3860,0,0,57.0,0,0
Materials,247,-25,-0.048697534204220454,27500,0,0,65.0,0,0
Retailing,248,-7,-0.028371869724799055,59950,0,0,57.0,0,0
"Hotels, Restaurants & Leisure",249,17,0.1588486553950867,72000,0,0,57.0,1,0
Aerospace & Defense,250,224,0.10368699439950217,50000,0,0,57.0,0,0
Telecommunications,251,-19,0.10927020464251973,16000,0,0,57.0,0,0
Retailing,252,13,0.02142400593401564,14320,0,0,57.0,0,0
Energy,253,-33,0.09227247612281948,10700,0,0,57.0,0,0
Financials,254,52,0.03608745211031251,13531,0,0,57.0,0,0
Financials,255,15,0.0043915028786976375,10980,0,0,57.0,0,0
Energy,256,3,0.10680769842532209,14890,0,0,57.0,0,0
Wholesalers,257,5,0.043282877955557686,51000,0,0,57.0,0,0
Energy,258,11,0.17656513702483323,13969,0,0,57.0,0,0
Energy,259,-4,0.1039928727626144,12937,0,0,57.0,0,0
Energy,260,39,0.06430371514511016,14262,0,0,67.0,1,1
Engineering & Construction,261,22,0.03318967652449596,40300,0,0,57.0,0,0
Retailing,262,-5,0.012792014081131781,7250,0,0,57.0,0,1
Retailing,263,17,0.04682191099693379,25400,0,0,57.0,0,0
Retailing,264,8,0.01444726747372092,15296,0,0,67.0,0,1
Retailing,265,-7,-0.011405959031657356,62000,0,0,57.0,0,0
Financials,266,7,0.09170007250664644,10300,0,0,48.0,1,0
Transportation,267,-7,0.2790483371031247,20908,0,0,57.0,0,0
Retailing,268,13,0.13631497762080969,75840,0,0,57.0,0,0
Financials,269,29,0.06119692749219212,3815,0,0,57.0,0,0
Energy,270,67,0.07858413074773478,5475,0,0,57.0,0,0
Financials,271,18,0.31429783623249896,19700,0,0,57.0,0,0
Materials,272,12,0.04372053150450064,33043,0,0,57.0,0,0
Financials,273,30,0.1476157686348769,8700,0,0,52.0,0,0
Health Care,274,4,0.07129504621456019,65000,0,0,57.0,1,0
Media,275,17,0.006052996189816419,18200,0,0,57.0,0,0
Energy,276,-2,0.11900425015179114,11295,0,0,57.0,0,0
Industrials,277,2,0.08345648961140573,49500,0,0,57.0,0,1
Wholesalers,278,4,0.07391607173950897,24550,0,0,57.0,0,0
Materials,279,-8,0.049328917552727905,18300,0,0,27.0,0,0
Media,280,0,0.14004741417156905,7700,0,0,49.0,1,0
Health Care,281,12,0.07161878312225904,79050,0,0,47.0,0,0
Health Care,282,4,0.08810068649885583,50000,0,0,57.0,0,0
Transportation,283,-6,0.24097025495750707,24587,0,0,57.0,0,0
Industrials,284,24,0.019642698426806507,12300,0,0,57.0,0,0
Technology,285,54,0.26420380797221454,22634,0,0,57.0,0,1
Retailing,286,-25,-0.023999283603474524,90000,0,0,57.0,0,0
Media,287,13,0.18566044508255564,9200,0,0,60.0,0,0
"Food, Beverages & Tobacco",288,121,0.11276978417266187,25500,0,0,57.0,0,1
Technology,289,22,0.060122588786731566,34000,0,0,64.0,0,0
Health Care,290,15,0.017225829725829724,67000,0,0,57.0,0,0
Materials,291,-16,0.06392498496418743,15300,0,0,57.0,0,0
Technology,292,-24,0.2560908591317091,13775,1,0,57.0,0,0
Energy,293,-5,0.11409451496961953,13635,0,0,57.0,0,0
Energy,294,-31,0.08405529953917051,12316,0,0,57.0,0,0
Technology,295,0,0.16537037037037036,13300,0,0,57.0,0,1
Health Care,296,23,0.43782021425244527,36000,0,0,57.0,0,0
Retailing,297,-12,0.009298393913778529,40000,0,0,81.0,0,0
"Food, Beverages & Tobacco",298,-4,0.022846286178800308,17700,0,0,57.0,0,0
Materials,299,-35,0.0641280458671763,8385,1,0,57.0,0,0
Financials,300,36,0.025966697590787798,6072,0,0,57.0,0,0
Retailing,301,15,0.013783801880565893,9300,0,0,57.0,0,0
Materials,302,-66,-0.10783092111569059,13800,0,0,115.0,0,0
Business Services,303,58,0.028839639988386723,55000,0,0,57.0,1,0
Health Care,304,-62,0.06741191425771206,19000,0,0,57.0,0,0
Business Services,305,9,0.10420995397790163,36000,0,0,57.0,0,0
Media,306,74,0.010299261562378547,6753,0,0,60.0,0,1
Engineering & Construction,307,33,0.04074686375571331,23000,0,0,57.0,0,0
Business Services,308,14,0.06417970316887285,54300,0,0,57.0,0,0
Engineering & Construction,309,3,0.0995495936551454,5245,0,0,57.0,0,0
Energy,310,-14,0.029737952694081853,8000,0,0,57.0,0,0
Business Services,311,177,0.08766074408559929,44000,0,0,61.0,0,0
Motor Vehicles & Parts,312,-11,0.07336742722265932,29000,0,0,53.0,0,0
Energy,313,-57,0.12579197985124552,2882,0,0,57.0,0,0
Retailing,314,15,0.13704433497536947,67663,0,0,57.0,0,0
Financials,315,63,0.03793076099456716,13900,0,0,57.0,0,0
Household Products,316,-73,0.010572145471134869,30000,0,0,57.0,0,0
Energy,317,6,0.16802302500992458,12992,0,0,42.0,1,1
Media,318,23,0.015386142545165774,28000,0,0,59.0,0,0
Energy,319,11,0.07644956314535345,2256,0,0,57.0,1,0
Financials,320,62,0.13513999640266205,6141,0,0,57.0,0,0
Household Products,321,-6,0.0746386913657015,41800,0,0,66.0,0,0
Apparel,322,2,0.04211323039660914,30750,0,0,46.0,0,1
"Food, Beverages & Tobacco",322,27,0.021293773337370068,19000,0,0,52.0,1,0
Energy,324,-33,0.44959983790902647,4577,0,0,57.0,0,0
Financials,325,59,0.25658835546475994,19869,0,0,57.0,0,0
Retailing,326,5,-0.0059310767972185294,38000,0,0,51.0,0,0
Telecommunications,327,0,0.014230245161819095,10700,0,0,49.0,1,0
Energy,328,91,0.2879876796714579,16600,0,0,57.0,0,0
Energy,329,54,0.06659815005138746,1530,0,0,90.0,1,0
Retailing,330,-4,0.05014934596765887,53000,0,0,57.0,0,0
Technology,331,-44,0.22700339769619624,10700,0,0,57.0,0,0
Health Care,332,-15,-0.006466321243523316,15400,0,0,57.0,0,0
Financials,333,0,-0.18069023042435617,10100,0,0,57.0,0,0
"Food, Beverages & Tobacco",334,52,0.07111255556487461,18000,0,0,78.0,0,0
Financials,335,106,0.18795532321387332,18600,0,0,57.0,0,0
Financials,336,20,0.11463363426411925,49000,0,1,57.0,0,1
"Food, Beverages & Tobacco",337,-9,0.1030608699314542,18800,0,0,57.0,1,0
"Hotels, Restaurants & Leisure",338,7,0.09320778671180703,173000,0,0,57.0,0,0
Wholesalers,339,14,-0.010610135750439443,10300,0,0,57.0,0,0
Business Services,340,39,0.12554806972516308,19100,0,0,57.0,0,0
Energy,341,-8,0.08125537403267412,2323,0,0,57.0,0,0
Energy,342,-35,0.03340431481361984,3707,0,0,52.0,0,0
Chemicals,343,-30,0.08185053380782918,14500,0,0,57.0,0,0
Engineering & Construction,344,31,0.035434787347677285,36000,0,0,57.0,0,0
Retailing,345,-7,0.03292629742695159,25600,0,0,57.0,0,0
Transportation,346,8,0.05633203495793918,29056,0,0,65.0,0,0
Technology,347,-29,0.14794969928922908,27000,0,0,57.0,0,0
Retailing,348,98,-0.10787654348040451,16985,1,0,57.0,0,0
Financials,349,0,0.21983925967347567,1384,0,0,76.0,0,1
Industrials,350,-15,0.01384741301125932,20961,0,0,57.0,0,0
Financials,351,86,0.09488203347085955,10786,0,0,63.0,0,0
Financials,352,-186,-0.1221085409252669,28033,0,0,57.0,0,0
Financials,353,-10,-0.03925296354283158,6000,0,0,68.0,0,0
Transportation,354,9,-0.0027336485245020056,39900,0,0,23.0,0,0
Chemicals,355,-11,0.19733375192007985,17570,0,0,57.0,0,0
Chemicals,356,-31,-0.11984774822316789,12600,0,0,48.0,0,0
Aerospace & Defense,357,14,0.06169232498033487,42000,0,0,61.0,0,0
Materials,358,31,0.0455057445370579,48000,0,0,57.0,0,0
Wholesalers,359,5,0.029720991227276835,9400,0,0,57.0,0,0
Transportation,360,8,0.0875754469878146,24134,0,0,60.0,0,0
"Hotels, Restaurants & Leisure",361,1,0.08124430264357338,450000,0,1,49.0,0,1
Retailing,362,-3,0.03399728021758259,28450,0,1,50.0,0,1
"Hotels, Restaurants & Leisure",363,2,-0.13669640814458933,64000,0,0,57.0,0,0
Financials,364,-4,0.03951157700725723,3100,0,0,83.0,1,0
Energy,365,-63,-0.02412612010010264,2680,0,0,57.0,0,0
Household Products,366,-32,-0.4375556454876568,19000,0,1,57.0,0,0
Motor Vehicles & Parts,367,6,0.026218097447795824,36300,0,0,54.0,0,1
Financials,368,-17,0.1124168282685184,3235,0,1,57.0,0,0
Motor Vehicles & Parts,369,-48,0.05399176376994712,61957,0,0,57.0,0,0
Wholesalers,370,7,0.0006677522521994822,13800,0,0,57.0,0,0
Energy,371,-13,0.1066205359760746,8234,0,0,46.0,0,0
"Hotels, Restaurants & Leisure",372,4,0.08382684715172024,184514,0,0,57.0,0,0
Energy,373,-64,-0.03628224761456002,2300,0,0,57.0,0,0
Energy,374,-17,-0.718834768250973,34645,0,0,58.0,0,1
Financials,375,27,0.12539851222104145,23484,0,0,57.0,0,0
Financials,376,5,0.06525884429073942,5778,0,0,57.0,0,0
Industrials,377,18,0.06912431400620377,15400,0,0,23.0,0,0
Retailing,378,30,0.024375664981051776,26866,0,0,57.0,0,0
Wholesalers,379,-9,0.02672600461783249,9500,0,0,57.0,0,0
Retailing,380,8,0.06733797100061063,24000,0,0,57.0,0,0
Technology,381,0,-0.11138272758864483,30000,0,0,57.0,0,0
Chemicals,382,-106,0.06736993526732199,10000,0,0,57.0,0,0
Financials,383,44,0.10889887094816074,7700,0,0,57.0,0,0
Household Products,384,-18,0.1135397692774742,22000,0,0,57.0,0,0
Technology,385,44,0.017185052040952647,38500,0,0,57.0,0,0
Technology,386,-17,0.14041870304179738,74000,0,0,57.0,0,0
Energy,387,-39,0.10364589684184855,4812,0,0,74.0,0,0
Industrials,388,0,0.03984146341463415,27500,0,0,29.0,0,0
Transportation,389,-15,0.07221664994984955,18000,0,0,57.0,0,0
"Food, Beverages & Tobacco",390,0,0.002239847249761328,2284,0,0,57.0,0,0
Chemicals,391,-39,0.051860064055186006,9430,0,0,73.0,0,0
"Food, Beverages & Tobacco",392,11,0.4233489403647117,9800,0,0,57.0,0,0
Telecommunications,393,-38,-0.7291229801406193,18317,0,0,57.0,0,0
Transportation,394,5,0.07029898690387942,19032,0,0,75.0,0,0
Financials,395,20,0.2220431440614927,17997,0,0,57.0,0,0
Financials,396,11,0.12887947151938178,14200,0,0,55.0,0,0
Retailing,397,-12,0.061336664584634604,33294,0,0,57.0,0,0
"Food, Beverages & Tobacco",398,-7,0.1439590298385986,15330,0,1,57.0,0,1
Health Care,399,-12,0.14176542807747236,19900,0,0,57.0,0,0
Financials,400,0,0.252063299765276,5200,0,0,57.0,0,0
Financials,401,20,0.03091976516634051,2787,0,0,71.0,0,0
Financials,402,-5,0.08629242489433323,7493,0,0,57.0,0,0
Technology,403,13,0.1100545200963611,17000,0,0,60.0,1,0
Motor Vehicles & Parts,404,-37,0.016948937035906827,21750,0,0,57.0,0,0
Health Care,405,45,0.2690693593102221,8100,1,0,67.0,0,0
Aerospace & Defense,406,14,0.06741615902125116,18200,0,0,57.0,0,0
"Food, Beverages & Tobacco",407,7,0.06562898698647614,7400,0,0,51.0,1,0
Energy,408,-16,0.22473934869352555,12280,0,0,57.0,0,0
Technology,409,21,0.020617756622516557,11261,0,0,57.0,0,0
Health Care,410,-6,0.11105358529640176,47000,0,0,57.0,0,0
Financials,411,2,0.22316090460098778,17045,0,0,57.0,0,0
Wholesalers,412,-65,-0.003851476616967387,8000,0,0,57.0,0,0
Energy,413,-93,0.0022295081967213114,2250,0,0,57.0,0,0
Financials,414,-4,0.24904027545083968,5454,0,0,41.0,0,0
Wholesalers,415,8,0.019205465250734327,9000,0,1,57.0,0,0
Energy,416,-18,0.15073573393946643,7509,0,0,45.0,0,0
Engineering & Construction,417,7,0.11826234451564267,5700,0,0,64.0,0,1
Retailing,418,31,0.09541639069490815,31000,0,1,57.0,0,0
Energy,419,-122,-0.04815518176885513,1800,0,0,57.0,1,0
Financials,420,22,0.2793153727702601,2905,1,0,73.0,0,0
"Food, Beverages & Tobacco",421,-28,-0.06821127894442397,14500,0,0,57.0,1,0
Industrials,422,0,0.10085857413903714,25000,0,0,57.0,0,0
Energy,423,-23,0.034998087536200206,12800,0,0,75.0,0,0
Retailing,424,27,0.0638312472551603,47000,0,0,57.0,0,0
Materials,425,-31,0.030465359046206255,15800,0,0,57.0,0,0
Engineering & Construction,426,2,0.08167220376522702,5100,0,0,57.0,0,0
Financials,427,54,0.1464435726464921,9000,0,0,57.0,0,0
Retailing,428,11,0.025574525331816984,8500,0,0,57.0,0,0
Financials,429,6,0.09295343988881166,33247,0,0,57.0,0,0
Engineering & Construction,430,6,0.054613542710769576,21000,0,0,57.0,0,0
Materials,431,0,0.05656424581005587,19000,0,0,57.0,0,0
Health Care,432,-15,0.007807916864541722,10100,0,0,57.0,0,0
Industrials,433,-21,0.0949918726528782,24000,0,0,57.0,0,1
Wholesalers,434,30,-0.0014918651128750773,8147,0,0,57.0,0,0
Materials,435,-10,0.04294140111172402,30000,0,0,57.0,0,0
Apparel,436,8,0.08622199256484234,63000,0,0,57.0,0,0
Materials,437,-5,0.09999569231652858,15500,0,0,57.0,0,0
Financials,438,24,0.27791624047368646,17386,0,0,57.0,0,0
Technology,439,26,0.08156182212581345,36000,0,0,57.0,0,0
Financials,440,13,0.21641455526388303,19800,0,0,57.0,0,0
Business Services,441,18,0.12840416116535844,45000,0,0,57.0,0,0
Transportation,442,34,0.04720692368214005,14000,0,0,57.0,0,0
Energy,443,-3,0.09934258582907232,8459,0,1,51.0,0,0
"Food, Beverages & Tobacco",444,11,0.04137426900584795,13100,0,0,57.0,0,0
Technology,445,37,0.22951061320754718,9400,0,0,57.0,0,0
Financials,446,1,0.23419689119170983,19564,0,0,57.0,1,0
Financials,447,0,0.36767955391437174,5591,0,0,57.0,0,0
Technology,448,12,0.05066112019016491,11400,0,1,51.0,0,0
Energy,449,0,0.03479036574487065,2571,0,0,76.0,0,0
Technology,450,25,0.062425417661097854,26100,0,0,52.0,0,1
Business Services,451,19,0.3169129720853859,22500,0,0,57.0,0,1
Industrials,452,0,0.10393140945211207,23000,0,0,57.0,0,0
Materials,453,-15,-0.059781796442983114,27500,0,0,57.0,0,0
"Hotels, Restaurants & Leisure",454,-6,0.018605073285837454,30200,0,0,49.0,0,0
Financials,455,0,0.06587279944247493,6400,0,0,57.0,0,0
Business Services,456,-66,0.04224346214043672,8500,0,0,32.0,0,0
Materials,457,-51,-0.011595971925541654,9400,0,0,57.0,0,0
Financials,457,-115,-0.11290814769606347,1330,0,0,57.0,0,0
Financials,459,10,0.2952497327020009,5989,1,0,65.0,0,1
Motor Vehicles & Parts,460,-42,-0.0741857936884656,20000,0,0,57.0,0,0
Energy,461,0,-0.06267281105990784,1775,0,0,66.0,0,1
Business Services,462,1,0.019604222447911858,140000,0,0,57.0,0,0
Media,463,-58,0.231622746185853,9200,0,0,57.0,0,0
Retailing,464,-118,-0.07282709557686359,30000,0,0,29.0,0,0
Energy,465,-54,-0.5542037123693652,3163,0,0,57.0,0,0
Technology,466,0,0.03542875058786644,24311,0,1,57.0,0,0
Materials,467,-24,0.0017611724376513508,9300,0,0,57.0,0,0
Retailing,468,-10,0.017514819018791778,30400,0,0,75.0,0,0
Apparel,469,4,0.06825597972437826,18650,0,0,56.0,0,1
Chemicals,470,-44,0.13530252501191042,7714,0,1,57.0,0,0
Media,471,-26,-0.014849749848634524,36400,0,0,57.0,0,0
Health Care,472,15,0.23961661341853036,10600,0,1,52.0,1,0
Retailing,473,-16,-0.10594604984942653,33000,0,1,57.0,0,0
Household Products,474,3,0.13196009011908594,8800,0,1,57.0,0,0
"Food, Beverages & Tobacco",475,11,0.0665163472378805,11000,0,0,57.0,0,0
Financials,476,15,0.11405814159720094,18412,0,0,57.0,0,0
Materials,477,3,0.03357088358955212,18000,0,0,57.0,0,0
Technology,478,5,0.19020501138952164,10500,0,0,57.0,0,0
Wholesalers,478,1,0.07354376830458835,11500,0,0,75.0,0,0
Retailing,480,-47,0.00544348906398143,18594,0,0,57.0,0,0
Chemicals,481,-47,-0.001849427168576105,6500,0,0,50.0,0,0
Business Services,482,8,0.07480574213091006,16000,0,0,57.0,0,0
Energy,483,-87,-0.1849196253035735,1355,0,0,77.0,0,0
Technology,484,0,0.006257967319503998,12000,0,0,57.0,1,0
Apparel,485,-1,0.10675117386471104,17400,0,1,57.0,0,0
Financials,486,0,0.3670212765957447,9226,0,0,40.0,0,0
Technology,487,-15,0.22750413112783963,16400,0,0,54.0,0,0
Energy,488,-20,0.1401015228426396,9323,0,0,69.0,0,0
Retailing,489,6,0.060376398779247206,19300,0,1,52.0,0,0
Financials,490,-12,-0.03202725724020443,10150,0,0,28.0,0,0
Materials,491,0,0.03398524618287871,11524,0,1,89.0,0,0
Retailing,492,0,0.024372611793865535,7244,0,0,57.0,0,0
Financials,493,-26,0.2070655468005888,9597,0,1,57.0,0,0
Household Products,494,0,0.0749228047045762,24700,0,0,57.0,0,0
Apparel,495,5,0.06847009422012458,15800,0,0,57.0,0,0
Financials,496,0,0.14922783272601076,5100,0,0,57.0,0,0
Financials,497,-1,0.36516541562413124,3750,0,0,58.0,0,0
Health Care,498,0,0.09301549379896708,27400,0,0,57.0,0,0
"Food, Beverages & Tobacco",499,-28,0.021949974476773864,10100,0,0,73.0,0,0
Financials,500,0,0.24951370468611847,15664,0,0,57.0,0,0
Engineering & Construction,501,0,0.03582195424720695,28000,0,0,54.0,1,1
Food & Drug Stores,502,0,0.02654930077376304,30000,0,0,42.0,1,0
Financials,503,0,0.09953954736973102,4343,0,0,73.0,0,0
Financials,504,0,0.37937663539756855,7365,0,0,57.0,0,0
"Hotels, Restaurants & Leisure",505,0,0.23119528318742183,34000,0,0,117.0,0,0
"Hotels, Restaurants & Leisure",506,0,0.06268795646570242,83000,0,0,57.0,0,0
Health Care,507,0,0.014996860704995963,7800,0,0,57.0,0,0
Chemicals,508,0,0.04791000251590411,14957,0,0,57.0,0,0
Financials,509,0,0.09124251631578001,8378,0,0,48.0,0,0
Financials,510,0,0.1079761258817146,5800,0,0,57.0,0,0
Chemicals,511,0,-0.009410061527325372,7000,0,0,57.0,0,0
Technology,512,0,0.03836604505337175,34800,0,0,57.0,0,0
Aerospace & Defense,513,0,0.16127745958094686,18300,0,0,57.0,0,0
Financials,514,0,0.16822088133113916,175,0,0,57.0,0,0
Health Care,515,0,0.02720988650323622,42800,0,0,71.0,0,0
Energy,516,0,0.007553457372951957,1408,0,0,57.0,0,0
Materials,517,0,0.05429645342562615,23000,0,0,57.0,0,0
Technology,518,0,0.32941417604531564,16460,0,0,57.0,0,0
Transportation,519,0,0.07900331978067067,5600,0,0,57.0,0,0
Financials,520,0,0.18002500606490382,4800,0,0,59.0,0,1
Business Services,521,0,0.02098737769811039,7700,0,0,57.0,0,0
Technology,522,0,0.0665295822039443,18286,0,0,57.0,0,0
"Food, Beverages & Tobacco",523,0,0.1314096570295845,12400,0,0,88.0,0,0
Energy,524,0,0.06286420955985685,13359,0,0,57.0,0,0
Wholesalers,525,0,0.148283555505559,21948,0,0,57.0,0,0
Retailing,526,0,0.04555530507965134,22250,0,0,57.0,0,0
"Hotels, Restaurants & Leisure",527,0,0.008280831478477383,28300,0,0,57.0,0,0
Business Services,528,0,0.1999773246915213,11500,0,0,59.0,0,0
Apparel,529,0,0.0174859030586091,11700,0,0,57.0,0,0
Industrials,530,0,0.07639550390550581,16300,0,0,57.0,1,0
Apparel,531,0,0.06611349546971865,8550,1,0,66.0,0,0
Materials,532,0,0.016091954022988506,10000,0,0,88.0,1,0
Energy,533,0,0.07354719806485055,8363,0,0,57.0,0,0
Energy,534,0,0.09248554913294797,2000,0,0,57.0,0,0
Financials,535,0,0.06720596185033594,9200,0,0,57.0,0,0
Telecommunications,536,0,0.023377125193199382,9400,0,0,57.0,0,0
Technology,537,0,0.2074375363160953,16300,0,0,57.0,0,0
Technology,538,0,0.16696390493544758,18100,0,0,57.0,0,0
Energy,539,0,0.1301332608104433,4617,0,0,47.0,0,0
Chemicals,540,0,0.08869477247524366,13668,0,0,57.0,0,0
Business Services,541,0,-0.08275942798056851,17500,0,0,57.0,0,0
Financials,542,0,0.24064202448597036,443,0,0,57.0,0,0
Telecommunications,543,0,-0.604058333659147,11945,0,0,57.0,0,0
Retailing,544,0,0.05374605678233439,28000,0,0,46.0,0,1
Financials,545,0,0.10539371328782347,8900,0,0,57.0,0,0
"Hotels, Restaurants & Leisure",546,0,0.15258964143426296,55000,0,0,57.0,0,0
Health Care,547,0,0.481717457073591,3082,0,0,57.0,0,0
Materials,548,0,0.007217321571772253,13000,0,0,57.0,0,0
Technology,549,0,0.05326594869943646,22100,0,0,57.0,0,0
Media,550,0,0.20585858585858585,9700,0,0,56.0,0,0
Materials,551,0,0.12531699498894322,9173,0,0,61.0,0,0
"Food, Beverages & Tobacco",552,0,-0.07327122531409203,10800,0,0,57.0,0,0
Business Services,553,0,0.08766465115332153,24000,0,0,57.0,0,0
Financials,554,0,0.08680115979907707,4300,0,0,57.0,0,0
Retailing,555,0,-0.012387571545380213,11508,0,0,47.0,0,0
Materials,556,0,-0.0031494774730556068,20100,0,0,57.0,0,0
Transportation,557,0,-0.02134997536541304,29000,0,0,54.0,0,0
Financials,558,0,0.43477814297452755,4360,0,0,57.0,1,0
Retailing,559,0,-0.052076670724410426,12000,0,0,57.0,0,0
Transportation,560,0,0.06383154417836498,23700,0,0,57.0,0,0
Business Services,561,0,0.29447090494926487,11081,0,0,57.0,0,0
"Food, Beverages & Tobacco",562,0,0.0023619600124313686,15850,0,0,57.0,0,0
Materials,563,0,0.0982625322138166,14000,0,0,57.0,0,0
Materials,564,0,0.05489344826866481,16500,0,0,57.0,0,0
Materials,565,0,0.00045994313430339527,183,0,0,70.0,1,0
Wholesalers,566,0,0.051568002683213154,5800,0,0,57.0,1,0
Engineering & Construction,567,0,0.05348480712290796,2300,0,1,57.0,0,0
Technology,568,0,0.09062243803998234,8700,0,0,57.0,1,0
Household Products,569,0,0.07023671751709627,22000,0,0,57.0,0,0
Financials,570,0,0.18003790271636133,9700,0,0,53.0,1,0
Transportation,571,0,0.030966926479882032,15650,0,0,56.0,0,0
Materials,572,0,0.12911734295541347,8846,0,0,57.0,0,0
Technology,573,0,0.006552525893045867,11900,0,0,57.0,0,0
Household Products,574,0,0.11027075123935427,5600,0,0,57.0,0,0
Business Services,575,0,0.07964357695979632,3835,1,0,44.0,0,0
Industrials,576,0,0.011623186547870862,9500,0,0,57.0,0,0
Health Care,577,0,0.0280807562342273,24000,0,0,21.0,0,0
Chemicals,578,0,0.10240459898324718,6400,0,0,57.0,0,0
Wholesalers,579,0,0.017422578283154588,6010,0,0,63.0,1,0
Technology,580,0,0.09464913984761165,22800,1,0,57.0,0,0
Energy,581,0,0.16744748375396706,1260,0,0,49.0,0,0
Energy,582,0,-0.04570229701085782,6600,0,0,57.0,0,0
Health Care,583,0,0.07789359391965255,35690,0,0,48.0,0,0
Materials,584,0,0.03721436343852013,17000,0,0,57.0,0,0
Energy,585,0,-0.15352787456445993,1453,0,0,57.0,0,0
Industrials,586,0,0.08732302330646917,18800,0,0,57.0,0,0
Chemicals,587,0,0.10742919389978214,2987,0,0,57.0,0,0
Technology,588,0,0.25730482172951913,10020,0,0,57.0,0,0
Health Care,589,0,0.003197687152306277,55000,0,0,57.0,0,0
Transportation,590,0,-0.02874887528255097,12828,0,0,32.0,0,0
Engineering & Construction,591,0,0.05904188723175259,2140,0,0,57.0,0,0
Financials,592,0,0.1680397570403092,3196,0,0,60.0,0,0
Household Products,593,0,-0.047395995204901654,24000,0,0,55.0,0,0
Materials,594,0,0.01830460280789053,4500,0,0,87.0,0,0
Materials,595,0,0.043163544845096775,13220,0,0,57.0,0,0
Industrials,596,0,0.12129319955406911,8200,0,0,57.0,0,0
Health Care,597,0,0.30798258345428153,7326,0,0,57.0,0,0
Media,598,0,0.057206703910614526,5400,0,0,72.0,0,1
Business Services,599,0,-0.4329527647190508,67000,0,0,57.0,0,0
Engineering & Construction,600,0,-0.0871079356520176,9100,0,0,79.0,0,0
Technology,601,0,0.07760831421244434,9419,0,0,57.0,0,0
Energy,602,0,-0.34069400630914826,2282,0,0,26.0,0,0
Industrials,603,0,-0.0317746885719444,19800,0,0,82.0,1,0
Retailing,604,0,0.12231012658227848,14100,0,0,57.0,0,0
Energy,605,0,-0.27662175931167216,647,0,0,57.0,0,0
Materials,606,0,0.04069293478260869,12000,0,0,57.0,0,0
Technology,607,0,-0.0774151110304625,22000,0,0,57.0,0,0
Energy,608,0,-0.07714292194978112,547,1,0,57.0,0,0
Motor Vehicles & Parts,609,0,0.0663172288058341,9100,0,0,57.0,0,0
Business Services,610,0,0.1105176287194535,11000,0,0,57.0,1,0
Household Products,611,0,0.14133602588521468,4800,0,0,57.0,0,0
"Hotels, Restaurants & Leisure",612,0,0.03168771526980482,22000,0,0,57.0,0,0
Health Care,613,0,0.24077736890524382,13900,0,0,57.0,0,0
Industrials,614,0,-0.1219517832790144,15000,0,0,57.0,0,0
Business Services,615,0,0.035019004357096505,3500,1,0,57.0,0,0
Retailing,616,0,0.04440369527877072,27000,0,0,66.0,0,0
Technology,617,0,0.14431791773181502,13600,0,0,57.0,0,0
Materials,618,0,0.014685999347288918,23300,0,0,57.0,0,0
Business Services,619,0,0.06273166611926992,25000,0,0,57.0,0,0
Financials,620,0,0.18160488033786953,4361,0,1,51.0,0,1
Technology,621,0,0.054954891291545946,16724,0,0,57.0,0,0
Media,622,0,0.011084905660377358,11800,0,0,57.0,1,0
Food & Drug Stores,623,0,0.019419324131366014,18630,0,0,57.0,0,0
"Food, Beverages & Tobacco",624,0,0.26371167396686346,3092,0,0,52.0,0,0
Energy,625,0,0.2741297091082499,822,0,0,65.0,0,0
Health Care,626,0,0.2826943403478428,3000,0,0,47.0,0,0
Financials,627,0,0.22380734717444126,4812,1,0,57.0,0,0
"Hotels, Restaurants & Leisure",628,0,0.03155046625114751,94000,0,0,57.0,0,0
Household Products,629,0,0.11401855610321832,13000,0,0,55.0,1,0
Media,630,0,-0.03777917432079668,19600,0,0,57.0,0,0
"Food, Beverages & Tobacco",631,0,0.03988845780795344,9700,0,0,57.0,0,0
Financials,632,0,0.053266063502073885,3600,0,0,57.0,0,0
Materials,633,0,0.062486355366889026,8100,0,0,84.0,1,0
Transportation,634,0,0.14978949161616897,20105,0,0,57.0,0,0
Transportation,635,0,0.055677816901408446,1333,0,0,57.0,0,0
Financials,636,0,0.15242868725584138,4640,0,0,60.0,0,0
Industrials,637,0,0.17048946579147922,12800,0,0,57.0,0,0
Health Care,638,0,-0.0660323876660669,48400,0,1,57.0,0,0
Technology,639,0,0.029831963875934564,29650,0,0,57.0,0,0
"Hotels, Restaurants & Leisure",640,0,0.12540192926045016,22500,0,0,66.0,0,0
Health Care,641,0,0.011858099727114858,23000,0,0,24.0,0,0
Health Care,642,0,0.06524868460240246,15200,0,0,57.0,0,0
Financials,643,0,0.10194730813287513,3300,0,0,57.0,0,0
Retailing,644,0,0.04219589336814097,16800,1,0,73.0,0,0
Technology,645,0,0.03989937106918239,9250,0,0,57.0,1,0
Financials,646,0,0.08057898049087477,4500,0,0,57.0,0,0
Energy,647,0,0.060544904137235116,712,0,0,57.0,0,0
Aerospace & Defense,648,0,0.03046930312531607,15879,0,0,57.0,0,0
Retailing,649,0,0.007979329736302151,12100,0,0,57.0,0,0
Industrials,650,0,0.06431088240513066,17000,0,0,57.0,0,0
Retailing,651,0,-0.029112414020660424,7324,1,0,37.0,1,0
Business Services,652,0,0.04452203165218278,4300,0,0,57.0,0,0
Retailing,653,0,0.07006500877102467,30050,0,0,57.0,0,0
Wholesalers,654,0,0.014871808112364774,2700,1,0,57.0,0,0
Financials,655,0,0.111805412104937,516,0,1,57.0,0,0
Financials,656,0,0.04325120860370725,3839,0,0,78.0,0,0
Business Services,657,0,0.054979253112033194,2900,0,0,57.0,0,1
Transportation,658,0,0.0875342644563373,8938,0,0,44.0,1,0
Financials,659,0,0.31385905161121297,7708,0,0,57.0,0,0
Industrials,660,0,0.10734923303214962,11200,0,0,57.0,0,0
Industrials,661,0,0.09554341803213806,18829,0,0,36.0,0,0
Business Services,662,0,0.2741948310139165,15450,0,0,57.0,0,0
Transportation,663,0,0.09841589938174967,21900,0,0,71.0,0,1
Materials,664,0,0.04082881157569954,12000,0,0,57.0,1,0
"Food, Beverages & Tobacco",665,0,0.12740582989484894,7600,0,0,41.0,0,0
Business Services,666,0,0.25012659577303376,41000,0,0,57.0,0,0
Financials,667,0,0.10687970635070579,3318,0,1,68.0,0,0
Media,668,0,0.36487036785665805,11400,0,0,67.0,0,0
Business Services,669,0,0.007873588184187662,64300,0,0,57.0,0,0
Financials,670,0,0.08810584655509672,4217,0,0,57.0,0,0
Industrials,671,0,0.08996106406730743,12000,0,0,27.0,0,0
Transportation,672,0,0.029224939341893626,5000,0,0,57.0,0,0
Engineering & Construction,673,0,0.06809566663939567,1510,0,0,57.0,0,0
Energy,674,0,0.01064991807755325,3345,0,0,57.0,0,0
Energy,675,0,0.15275379005948955,3597,0,0,31.0,0,0
Technology,676,0,-0.1325264666960741,12200,1,0,54.0,1,1
Wholesalers,677,0,0.030276291843600065,10200,0,0,57.0,0,0
Retailing,678,0,0.01087466534183434,26000,0,1,57.0,0,1
"Hotels, Restaurants & Leisure",679,0,0.1107273129214104,13100,0,0,62.0,0,0
Technology,680,0,-0.7196349557522124,5683,1,0,57.0,0,0
Media,681,0,0.012818738060300672,5615,0,0,79.0,0,0
Energy,682,0,0.17202216066481996,6800,0,0,57.0,0,0
Chemicals,683,0,0.14854850392823313,6000,0,0,57.0,0,0
Technology,684,0,0.07093866353125612,6383,0,0,57.0,0,1
Retailing,685,0,0.0010696090297520197,15538,0,0,57.0,0,0
Food & Drug Stores,686,0,0.0191911494934101,23000,0,0,57.0,0,0
Technology,687,0,0.28281117696867064,7700,0,0,50.0,1,0
Financials,688,0,0.32198589594720894,3564,0,0,57.0,0,0
Apparel,689,0,0.07495808825618731,20300,0,0,79.0,0,0
Financials,690,0,0.12756756756756757,8205,0,0,57.0,0,0
Health Care,691,0,-0.42627010103885016,9480,1,0,57.0,0,0
Business Services,692,0,-0.11369597445546813,11200,0,0,61.0,0,0
Wholesalers,693,0,0.05377264298958779,13311,0,0,57.0,0,0
Chemicals,694,0,0.14407988587731813,4700,0,0,57.0,0,0
Financials,695,0,0.023895851771490565,2801,0,0,57.0,0,0
Energy,696,0,0.008936729100045683,770,0,0,57.0,0,0
Technology,697,0,0.02054050965603931,3670,1,0,57.0,0,0
Retailing,698,0,0.02705643198671515,16100,0,0,68.0,1,0
Technology,699,0,0.05595652298933203,11000,0,0,57.0,0,0
Wholesalers,700,0,0.041466294237912864,6650,0,0,57.0,0,0
Energy,701,0,0.15507605439041253,6210,0,0,57.0,0,0
Financials,702,0,0.07103888231388736,608,0,0,57.0,0,0
Technology,703,0,0.18110623049358457,10371,0,0,59.0,0,1
Technology,704,0,0.42369843609978897,4900,1,0,44.0,0,0
Energy,705,0,-0.012628164281990385,1500,0,0,57.0,0,0
Household Products,706,0,0.03659386617100372,12700,0,0,93.0,0,0
"Food, Beverages & Tobacco",707,0,0.015492834927186581,17055,0,0,57.0,0,0
Motor Vehicles & Parts,708,0,0.07184193604957036,13911,0,0,57.0,0,0
Business Services,709,0,0.02863255377762148,14400,1,0,57.0,0,0
Energy,710,0,0.06195054541177854,3130,0,1,57.0,0,0
"Hotels, Restaurants & Leisure",711,0,-0.03823529411764706,9800,0,0,58.0,0,1
Engineering & Construction,712,0,-0.031093279839518557,4200,0,0,57.0,0,0
Financials,713,0,0.11279241930707729,1775,0,0,57.0,0,0
Technology,714,0,0.2527837005448946,9000,0,0,57.0,0,0
Materials,715,0,-0.003495364199176516,5600,0,0,67.0,0,0
Health Care,716,0,0.0275210332977841,3992,0,0,25.0,0,0
Chemicals,717,0,0.3983402489626556,4000,0,0,55.0,0,0
Health Care,718,0,-0.060463873132777,6478,0,0,57.0,0,0
Aerospace & Defense,719,0,-0.09563434277393087,10776,0,0,22.0,0,0
"Food, Beverages & Tobacco",720,0,0.09292785160082048,10100,0,0,57.0,0,0
Wholesalers,721,0,0.08588501099946488,6700,0,0,57.0,0,0
Technology,722,0,0.12908598792421402,13360,0,0,51.0,0,0
Technology,723,0,0.15841937691552355,13896,1,0,66.0,0,0
Chemicals,724,0,0.17561761546723953,5600,0,0,57.0,0,0
Engineering & Construction,725,0,0.017127286882055275,15230,0,0,57.0,0,0
Chemicals,726,0,0.047048246928378785,4500,0,0,57.0,0,0
Financials,727,0,0.4722872755659641,1712,0,0,64.0,0,1
"Hotels, Restaurants & Leisure",728,0,0.047382820720964496,24300,0,0,57.0,0,0
Media,729,0,-0.08869512928442573,20000,0,0,57.0,0,0
"Food, Beverages & Tobacco",730,0,0.25120336943441635,4700,0,0,57.0,0,0
Business Services,731,0,-0.10480824443168425,19500,0,1,66.0,0,0
Financials,732,0,0.16076575346621766,3609,0,1,57.0,1,1
Engineering & Construction,733,0,0.07235903197400784,1656,0,0,57.0,0,0
Industrials,734,0,0.010875508840148245,7900,0,0,57.0,0,0
Industrials,735,0,0.04060187018366788,13000,0,0,26.0,0,0
Media,736,0,0.05829855928847736,22603,0,0,57.0,0,0
Technology,737,0,0.06551018538313533,10100,0,0,57.0,0,0
Technology,738,0,0.15755292099378118,11484,0,0,57.0,0,0
Motor Vehicles & Parts,739,0,0.09636699507389163,7400,0,0,57.0,0,0
Financials,740,0,0.2514637904468413,10188,0,0,57.0,0,0
Industrials,741,0,0.07378011117974058,19560,0,0,101.0,0,0
Business Services,742,0,0.1143989104865668,20457,0,0,57.0,0,0
Health Care,743,0,0.09050882143189358,10062,0,0,57.0,0,0
Retailing,744,0,0.02270541890257142,9000,0,1,57.0,0,0
"Hotels, Restaurants & Leisure",745,0,0.0481369837471643,56147,0,0,33.0,0,0
Financials,746,0,0.18066807927209272,1550,0,0,57.0,0,0
Wholesalers,747,0,0.08176277543366152,4500,0,0,57.0,0,0
Energy,748,0,0.08960055312863384,894,0,0,57.0,0,1
Technology,749,0,0.044778002018163475,17380,0,0,57.0,0,0
Technology,750,0,0.03431930223739097,19000,0,0,65.0,1,0
Aerospace & Defense,751,0,0.12716525477304338,11790,0,0,57.0,0,0
Apparel,752,0,0.04549912988451195,6050,0,0,57.0,0,0
Chemicals,753,0,0.14597591888466413,5850,0,0,58.0,0,0
Financials,754,0,0.2680740128441534,1421,1,0,69.0,0,1
Financials,755,0,0.3036565977742448,4122,0,0,57.0,0,0
Industrials,756,0,0.08731397979669227,9329,0,0,26.0,1,0
Energy,757,0,0.06855988974005577,8944,0,0,57.0,0,0
Wholesalers,758,0,0.01797175866495507,5858,0,0,65.0,0,0
Motor Vehicles & Parts,759,0,0.021715351949556042,28000,0,0,26.0,1,0
Health Care,760,0,0.03504424778761062,35600,0,1,57.0,0,0
Engineering & Construction,761,0,0.051073279052553655,20000,0,0,57.0,0,0
Engineering & Construction,762,0,0.026494543347390785,9700,0,0,57.0,0,0
Household Products,763,0,0.061010946555054735,7400,0,0,61.0,0,0
Financials,764,0,0.1365149116288087,44600,0,0,57.0,0,0
Technology,765,0,0.04307025207908617,8100,0,0,57.0,0,0
Engineering & Construction,766,0,0.06720726565034058,1386,0,0,57.0,0,0
"Hotels, Restaurants & Leisure",767,0,0.07272135416666667,73000,0,1,57.0,0,1
Health Care,768,0,0.022110061869098016,6080,0,0,57.0,0,0
Technology,769,0,0.07924860581156443,17500,0,0,56.0,0,0
Energy,770,0,-0.03751101824948582,6600,0,0,57.0,0,0
Media,771,0,0.1243342155997778,2588,0,0,57.0,0,0
Technology,772,0,0.2908793723439032,4433,0,0,60.0,0,0
Energy,773,0,-0.05462459907049814,820,0,0,70.0,0,1
Apparel,774,0,0.10862777321281841,8900,0,0,71.0,0,0
Media,775,0,0.07577402691409206,14891,0,0,57.0,1,0
Energy,776,0,0.293285055957867,923,0,0,57.0,0,0
Transportation,777,0,0.0234375,17100,0,0,48.0,0,0
Technology,778,0,0.01163213376953835,2900,0,0,57.0,0,0
Technology,779,0,0.22646648508602935,8400,0,0,57.0,0,0
Technology,780,0,0.18649250506863432,15525,0,0,57.0,0,0
Transportation,781,0,0.0457888256630395,11875,0,1,77.0,0,0
Financials,782,0,-0.007055612873165374,1202,0,0,54.0,0,0
Industrials,783,0,0.09759264808710419,11000,0,0,57.0,0,0
Retailing,784,0,-0.02744522626471471,16500,0,0,57.0,0,0
Industrials,785,0,0.12363417649614061,15100,0,0,46.0,0,0
Transportation,786,0,0.013385536927349997,13000,0,1,57.0,1,0
Technology,787,0,0.045848532512298784,7024,0,0,57.0,0,0
Transportation,788,0,0.11443472409152088,13700,0,0,57.0,0,0
Financials,789,0,0.1761467270147943,760,0,0,37.0,0,0
Energy,790,0,0.13378378378378378,1735,0,0,57.0,0,0
Industrials,791,0,0.11901061025883625,9778,0,0,57.0,0,0
Energy,792,0,-0.03287021348695358,4300,0,0,57.0,0,0
Technology,793,0,-0.0058330789839590325,20800,0,0,61.0,0,0
Motor Vehicles & Parts,794,0,0.023769100169779286,11000,0,0,57.0,0,0
Business Services,795,0,0.11183111080795334,15902,0,0,57.0,0,0
Materials,796,0,-0.016079370509750255,6700,0,0,57.0,0,0
Retailing,797,0,0.021495071193866375,11400,0,1,57.0,0,0
Financials,798,0,0.2356164383561644,51,0,0,56.0,0,0
Health Care,799,0,0.05235097857118288,10000,0,0,57.0,0,0
Aerospace & Defense,800,0,0.06186525286604468,12809,0,0,69.0,0,0
Financials,801,0,-0.009816415802707264,3246,0,0,57.0,0,0
Energy,802,0,0.17623544007167963,4776,0,0,57.0,0,0
Aerospace & Defense,803,0,0.08951106820219297,9023,0,0,57.0,0,0
Technology,804,0,-0.028245275210373847,7014,0,0,52.0,0,1
Chemicals,805,0,0.045150155333103216,6369,0,0,40.0,0,0
Technology,806,0,0.165192148189107,7724,1,0,64.0,0,0
Technology,807,0,-0.23242119847592657,7900,0,0,57.0,0,0
Technology,808,0,0.08341416100872939,29600,0,0,57.0,0,0
Technology,809,0,0.07892637930436593,13000,0,0,57.0,1,0
Energy,810,0,0.07580185069227023,3841,0,1,57.0,0,0
Transportation,811,0,0.18803210048848568,7040,0,0,57.0,0,0
Materials,812,0,0.08469419869217051,14000,0,0,57.0,0,0
Financials,813,0,0.5341084726710692,5900,0,0,32.0,0,0
Financials,814,0,0.09541542244862113,2400,0,0,57.0,0,0
Industrials,815,0,0.11421444631815628,10500,0,0,57.0,0,0
Industrials,816,0,0.09392245773137896,14100,0,0,57.0,0,0
Financials,817,0,0.10759493670886076,488,0,0,33.0,0,0
Transportation,818,0,0.05013387824126268,5550,0,0,57.0,0,0
Transportation,819,0,0.07909045971329709,7437,0,0,57.0,0,0
Financials,820,0,0.2370791676970361,8560,0,0,63.0,0,0
Energy,821,0,-0.6069811854576319,655,0,0,57.0,0,0
Wholesalers,822,0,0.029113475177304962,2609,0,0,57.0,0,0
Financials,823,0,0.06170553676339684,3983,0,0,57.0,0,0
Industrials,824,0,0.05705128205128205,11000,0,0,84.0,0,0
Energy,825,0,-0.012042165445774524,8502,0,0,57.0,0,0
Financials,826,0,0.08062479708524224,1278,0,0,57.0,0,0
Materials,827,0,0.05558366461872064,9862,0,0,57.0,0,0
Aerospace & Defense,828,0,-0.018018018018018018,20000,0,0,51.0,1,0
"Hotels, Restaurants & Leisure",829,0,0.06331180610986141,35554,1,0,57.0,0,0
Motor Vehicles & Parts,830,0,0.035021434280316795,8720,0,0,53.0,0,0
Business Services,831,0,0.12606814297661903,7700,0,0,79.0,0,0
Technology,832,0,-0.11134606970978561,5249,1,0,57.0,0,0
Transportation,833,0,-0.10700204439252338,3587,0,0,38.0,0,0
Household Products,834,0,0.01872069167643611,7500,0,0,36.0,0,0
Energy,835,0,0.374207265662231,1884,0,0,69.0,0,0
"Food, Beverages & Tobacco",836,0,-0.06762340441230724,5441,0,0,57.0,0,0
Media,837,0,0.10607293438863821,4500,0,0,57.0,1,1
Financials,838,0,0.3592610417977861,2700,0,0,57.0,0,0
Motor Vehicles & Parts,839,0,0.22386953298739806,3700,0,0,57.0,0,0
Financials,840,0,-0.38994646044021414,400,1,0,57.0,1,0
Technology,841,0,0.015357156137284793,25700,0,0,57.0,0,0
Business Services,842,0,-0.1353677621283255,5900,0,0,57.0,0,1
Retailing,843,0,0.035846308950375265,15800,0,0,57.0,0,0
Retailing,844,0,0.06498370725495337,14500,0,0,78.0,0,0
Media,845,0,0.12509368910208365,4894,0,0,63.0,1,1
Technology,846,0,0.061424877262676605,22400,0,0,57.0,1,0
Business Services,847,0,0.130605022401265,8000,0,0,57.0,0,0
Health Care,848,0,0.17588754051405742,12000,0,0,57.0,0,0
Business Services,849,0,0.33792660827544546,8700,0,0,57.0,0,0
Retailing,850,0,0.08325149202991615,4750,0,0,57.0,1,0
Energy,851,0,0.14380296610169493,829,0,1,57.0,0,0
Wholesalers,852,0,-0.006711409395973153,2189,0,0,22.0,0,0
Energy,853,0,-0.010630220197418374,1250,0,0,42.0,0,0
Engineering & Construction,854,0,0.07278686025684997,10400,0,0,57.0,0,0
Health Care,855,0,0.09613917289790937,17100,0,0,57.0,0,0
Engineering & Construction,856,0,0.04370435514090161,12000,0,0,57.0,0,0
Business Services,857,0,0.17256722028307314,9180,0,0,57.0,0,0
Health Care,858,0,0.155221361160132,7240,0,0,41.0,0,0
Health Care,859,0,0.17781459505278568,14400,0,0,57.0,0,0
Energy,860,0,0.06539351851851852,1108,0,0,57.0,0,0
Financials,861,0,0.21786045792079206,3387,0,0,57.0,0,0
Financials,862,0,0.0624031007751938,1643,0,0,57.0,0,0
Telecommunications,863,0,0.05818463925523662,3781,1,0,99.0,0,0
Household Products,864,0,0.06251947647242131,8000,0,1,57.0,0,0
Food & Drug Stores,865,0,0.006016565088295046,765,0,0,57.0,1,0
Retailing,866,0,-0.031022400692886108,9400,0,1,57.0,0,0
Engineering & Construction,867,0,0.04456011672384558,1460,0,0,57.0,0,0
"Hotels, Restaurants & Leisure",868,0,0.03203860454078,15500,0,0,57.0,0,0
Health Care,869,0,0.054567116759332804,12300,0,0,57.0,0,0
Industrials,870,0,0.019580419580419582,7300,0,0,57.0,1,0
Engineering & Construction,871,0,0.051033875934887805,1401,0,0,57.0,1,0
Financials,872,0,0.15019430311285606,823,0,0,57.0,0,0
Industrials,873,0,0.17056842780405676,7439,0,0,57.0,0,0
Industrials,874,0,-0.15129625170559433,7000,0,0,57.0,0,0
Industrials,875,0,0.12363344051446946,9100,0,1,63.0,0,0
"Hotels, Restaurants & Leisure",876,0,0.051274821766625046,46250,0,0,57.0,0,0
Energy,877,0,0.038697194453402126,2177,0,0,57.0,0,0
Business Services,878,0,0.06723435166875176,22000,1,0,70.0,0,0
Energy,879,0,-0.17229934836281216,5800,0,0,57.0,0,0
Transportation,880,0,0.06774363761821652,12736,0,0,57.0,0,0
Industrials,881,0,0.06488845385211468,6600,0,0,57.0,0,0
Materials,882,0,0.03927986906710311,3700,0,0,57.0,1,0
Industrials,883,0,0.04155352587838394,4964,0,0,57.0,0,0
Household Products,884,0,0.0717236820360271,24900,0,0,57.0,0,0
Household Products,885,0,-0.06517606215903454,7100,0,1,77.0,0,0
Technology,886,0,0.35670137304517363,2300,0,1,59.0,0,0
Health Care,887,0,0.17769745315551122,9200,0,0,57.0,0,0
Health Care,888,0,0.1839787269403357,14530,0,0,64.0,0,0
Technology,889,0,0.2460732984293194,7467,0,0,57.0,0,0
Financials,890,0,0.23428215250363596,5389,0,0,57.0,0,0
Business Services,891,0,0.018464609498461283,21978,0,0,57.0,0,0
Motor Vehicles & Parts,892,0,-0.005117111120356118,8040,0,0,54.0,0,0
Financials,893,0,0.16658306161692168,10083,0,0,57.0,0,0
Chemicals,894,0,0.08702928870292886,7900,0,0,57.0,0,0
Financials,895,0,0.06210737917748555,772,0,0,69.0,0,0
Household Products,896,0,0.038942509441879984,5550,0,0,57.0,0,0
Materials,897,0,0.07016217124611378,5100,0,0,57.0,0,0
Financials,898,0,0.2429831932773109,1900,0,0,57.0,0,0
Industrials,899,0,0.1018440552374537,10395,0,0,29.0,1,0
Motor Vehicles & Parts,900,0,0.061775247733502,10500,0,0,57.0,0,0
Business Services,901,0,0.026637960148598445,6200,0,0,57.0,0,0
Energy,902,0,-0.05272958104104951,987,0,0,57.0,0,0
Technology,903,0,-0.14273602102674976,5800,0,0,57.0,0,0
Wholesalers,904,0,0.03295864262990456,4416,0,0,68.0,0,0
Aerospace & Defense,905,0,0.1301523963153203,6977,0,0,57.0,0,0
Business Services,906,0,0.09210694096144854,5567,0,0,57.0,0,0
Retailing,907,0,-0.22671151226158037,14350,0,0,57.0,0,0
Financials,908,0,-0.02888271736808374,1109,0,0,55.0,0,0
Materials,909,0,0.03833811133455992,7500,0,0,40.0,0,0
Technology,910,0,0.4233189230835081,8078,0,0,61.0,1,1
Technology,911,0,0.053152728363839,9000,0,0,60.0,0,0
Financials,912,0,0.33812268777424076,3122,0,0,57.0,0,0
Motor Vehicles & Parts,913,0,0.03863567763356474,6900,0,0,57.0,0,0
Financials,914,0,0.11217132248175814,600,0,0,60.0,0,0
Technology,915,0,0.3575595212375232,7131,0,0,57.0,0,0
Financials,916,0,0.22506703572355333,6305,0,0,61.0,1,0
Technology,917,0,0.76078210840507,8120,0,0,57.0,0,0
Health Care,918,0,-0.03285145429362881,5492,0,0,57.0,0,0
Materials,919,0,-0.0021645021645021645,4800,0,0,77.0,0,0
Media,920,0,0.12446183953033267,6883,0,0,57.0,0,0
Technology,921,0,0.2037037037037037,5400,0,0,57.0,0,0
Energy,922,0,0.1019002789400279,3700,0,0,38.0,1,0
Technology,923,0,0.11382858139332112,36739,1,0,57.0,0,0
Energy,924,0,0.11169284467713787,590,0,0,57.0,0,0
Energy,925,0,-0.13809211962453613,4360,0,0,57.0,0,0
Health Care,926,0,0.04834616730836542,24500,0,0,57.0,0,0
Financials,927,0,0.1935129915730337,4994,0,0,33.0,0,0
Apparel,928,0,0.05651581123279237,4000,0,0,57.0,0,0
"Hotels, Restaurants & Leisure",929,0,0.13259376650818805,23000,0,0,57.0,0,0
Technology,930,0,0.010317005423041313,10600,0,0,57.0,0,0
Household Products,931,0,0.04917886866349192,8450,0,0,57.0,0,0
Technology,932,0,0.19073314306100606,5325,0,0,57.0,0,0
Financials,933,0,0.007010180389355242,4000,0,0,57.0,0,0
Energy,934,0,0.19430005377307763,2425,0,0,57.0,0,0
"Food, Beverages & Tobacco",935,0,0.046740301724137935,28000,0,0,57.0,1,0
Financials,936,0,0.22494722184790908,5107,0,0,57.0,0,0
Technology,937,0,0.05124628813101773,8900,0,0,47.0,0,0
Materials,938,0,0.026596462805454302,6000,1,1,70.0,1,0
Health Care,939,0,0.05130282165519104,3236,0,1,57.0,0,0
Technology,940,0,-0.01009509216278336,6345,0,0,62.0,0,0
Financials,941,0,0.0528830981470628,5600,0,0,57.0,1,0
Apparel,942,0,-0.02362808314920864,10200,0,0,57.0,0,0
Motor Vehicles & Parts,943,0,0.038324219279613145,12200,0,0,51.0,0,0
Materials,944,0,0.0168831756665007,7300,0,0,62.0,0,1
Technology,945,0,0.018319503015462747,5871,0,0,57.0,0,0
Industrials,946,0,0.11432200698634486,5551,0,0,57.0,0,0
Transportation,947,0,0.037538014615768694,1988,0,0,57.0,0,0
Retailing,948,0,0.02794592872422739,13850,0,1,57.0,0,0
Industrials,949,0,0.15363230334518277,7579,0,0,57.0,0,0
Chemicals,950,0,0.11610281696571245,2118,0,0,67.0,0,0
Transportation,951,0,0.006773455377574371,2539,0,0,57.0,0,0
Industrials,952,0,0.015768664950349395,6700,0,0,60.0,0,0
Health Care,953,0,0.20701315545673518,1456,0,0,57.0,0,0
Technology,954,0,0.15142380113162046,7082,1,0,57.0,0,0
Wholesalers,955,0,0.018658621489904853,3500,0,0,57.0,0,0
Aerospace & Defense,956,0,0.003492270441422984,5650,0,0,57.0,0,0
Apparel,957,0,-0.12741672490100164,3250,0,0,57.0,1,0
Household Products,958,0,-0.17384399813171414,6000,0,0,64.0,0,0
Financials,959,0,0.10756617474818458,2638,0,0,86.0,1,0
Materials,960,0,0.026397224306076515,3363,0,1,57.0,0,0
Energy,961,0,0.10080075365049458,2949,0,1,57.0,0,0
Media,962,0,0.08435438265786993,7465,0,0,57.0,1,0
Financials,963,0,0.02647086778823306,5200,0,0,59.0,0,0
Technology,964,0,-0.02997664776247438,2300,0,0,63.0,1,0
Engineering & Construction,965,0,-0.03807835999616821,1205,0,0,57.0,1,0
Health Care,966,0,0.04600519180847996,22785,1,0,34.0,0,0
Business Services,967,0,0.061627347135291284,12000,0,0,57.0,0,0
Technology,968,0,0.09514619318730097,7230,0,0,57.0,0,0
Energy,969,0,-0.06188154655596853,609,0,0,55.0,0,0
Energy,970,0,0.008738051559331854,548,0,0,61.0,0,0
Engineering & Construction,971,0,0.01820200849748938,7100,0,0,57.0,1,0
Technology,972,0,-0.03268384663733501,5600,1,0,57.0,0,0
Food & Drug Stores,973,0,-0.016971279373368148,8400,0,0,57.0,0,0
Energy,974,0,0.3296229976286115,547,0,0,57.0,0,0
Business Services,975,0,0.0874878758486906,33800,0,0,41.0,0,0
Household Products,976,0,-0.31498664075783334,5200,0,0,57.0,0,1
Aerospace & Defense,977,0,0.15951546993578516,5900,0,0,57.0,0,0
"Hotels, Restaurants & Leisure",978,0,0.07647345348270823,14200,0,0,57.0,0,0
Financials,979,0,0.1439497272018706,7732,0,0,57.0,0,1
Financials,980,0,0.17851400730816078,2502,0,0,57.0,0,0
Energy,981,0,0.07942308629342688,1579,0,0,57.0,0,0
Energy,982,0,-0.17010888140227529,9100,0,0,57.0,0,0
Retailing,983,0,0.07362503055487656,6336,0,0,39.0,0,0
Retailing,984,0,0.28976493633692463,7327,0,0,50.0,0,0
Retailing,985,0,-0.006280975514009519,10944,0,1,57.0,0,0
Retailing,986,0,-0.01199252924407746,12400,0,0,57.0,0,0
Aerospace & Defense,987,0,0.05361534677816036,5800,0,0,57.0,1,0
Financials,988,0,0.1465891167192429,1900,0,0,59.0,0,1
Apparel,989,0,0.13081568006335378,3500,0,0,22.0,0,0
Retailing,990,0,-0.08141838351822504,9160,0,0,57.0,0,0
Engineering & Construction,991,0,-0.02087361792850414,1868,0,0,57.0,0,0
Business Services,992,0,0.2910902870742228,117,0,0,57.0,0,0
Business Services,993,0,0.10086827090052097,14952,0,0,76.0,0,0
Financials,994,0,0.07296733842946491,1475,0,0,57.0,0,0
Media,995,0,-0.09951710061233633,6352,0,0,30.0,0,0
Financials,996,0,0.13652217239661185,9100,0,0,57.0,0,0
Business Services,997,0,0.023761880940470236,5100,0,0,57.0,0,0
Financials,998,0,0.02277961349754681,204,0,0,78.0,0,0
Industrials,999,0,-0.047638130541501775,5000,0,0,57.0,0,0
Energy,1000,0,0.019595035924232528,2571,1,0,57.0,0,0
